"건축면적","부속건축물면적","부속건축물수","건폐율","법정동코드","건물명","블록","번","외필지수","생성일자","EPI점수","에너지효율등급","에너지절감율","기타용도","가구수","친환경건축물인증점수","친환경건축물등급","세대수","호수","옥내자주식면적","옥내자주식대수","옥내기계식면적","옥내기계식대수","지능형건축물인증점수","지능형건축물등급","지","로트","주건축물수","주용도코드","주용도코드명","관리건축물대장PK","새주소법정동코드","새주소본번","새주소도로코드","새주소부번","새주소지상지하코드","신구대장구분코드","신구대장구분코드명","도로명대지위치","옥외자주식면적","옥외자주식대수","옥외기계식면적","옥외기계식대수","대지면적","대지구분코드","대지위치","허가일","허가번호구분코드","허가번호구분코드명","허가번호기관코드","허가번호기관코드명","허가번호년","대장구분코드","대장구분코드명","대장종류코드","대장종류코드명","순번","시군구코드","특수지명","착공일","연면적","총주차수","사용승인일","용적률","용적률산정연면적"
427.02,0,0,52.72,10300,"NOTTING HILL","",2,0,20210824,0,"",0,"공동주택(다세대주택-8세대)",0,0,NA,8,0,529.46,14,0,0,0,NA,0,NA,2,"02000","공동주택","41290-100198474",10301,6,412903195047,6,0,1,"신대장","경기도 과천시 찬우물로 6-6",0,0,0,0,810,0,"경기도 과천시 갈현동 2번지",20190430,1101,"신축허가",3970079,"건축과",2019,2,"집합",1,"총괄표제부",1,41290,"",20201019,1579.88,14,20210809,129.68,1050.42
1425.91,0,0,12,10300,"과천시 상수도사업소","",4,0,20220531,0,"",0,"정수처리시설 및 슬러지처리시설",0,0,NA,0,0,0,0,0,0,0,NA,1,NA,6,"14000","업무시설","41290-1",10302,59,412903206129,92,0,0,"구대장","경기도 과천시 중앙로 59-92",0,0,0,0,11634,0,"경기도 과천시 갈현동 4-1번지",NA,NA,"",NA,"",NA,1,"일반",1,"총괄표제부",2,41290,"",NA,2594.59,0,NA,22,2594.59
586.93,0,0,58.75,10300,"","",9,5,20220905,0,"",0,"도시형생활주택 단지형다세대주택",0,0,NA,15,0,324.55,15,0,0,0,NA,3,NA,3,"02000","공동주택","41290-100187192",NA,0,NA,0,0,1,"신대장","",0,0,0,0,999,0,"경기도 과천시 갈현동 9-3번지",20161031,1101,"신축허가",3970044,"건축과",2016,2,"집합",1,"총괄표제부",3,41290,"",20161221,1791.25,15,20170929,139.13,1389.95
548.24,0,0,54.88,10300,"","",9,7,20180928,0,"",0,"공동주택(도시형 생활주택 단지형 다세대주택)",0,0,NA,13,0,0,0,0,0,0,NA,6,NA,4,"02000","공동주택","41290-100187673",10301,26,412903195047,2,0,1,"신대장","경기도 과천시 찬우물로 26-2",0,0,0,0,999,0,"경기도 과천시 갈현동 9-6번지",NA,NA,"",NA,"",NA,2,"집합",1,"총괄표제부",4,41290,"",NA,1667.64,14,NA,134.3,1341.68
247.25,0,0,27.2,10300,"이쁜오리(A,B동)","",13,0,20171205,0,"",0,"제2종근린생활시설(일반음식점)",0,0,NA,0,0,0,0,0,0,0,NA,7,NA,2,"04000","제2종근린생활시설","41290-85",10302,163,412902000004,0,0,1,"신대장","경기도 과천시 과천대로 163",80.5,7,0,0,909,0,"경기도 과천시 갈현동 13-7번지",20070528,1102,"증축허가",3970000,"과천시",2007,1,"일반",1,"총괄표제부",5,41290,"",NA,247.25,7,20071024,27.2,247.25
437.31,0,0,54.46,10300,"갈현동","",13,0,20220324,0,"",0,"사무소",5,0,NA,0,0,176.31,7,0,0,0,NA,9,NA,2,"04000","제2종근린생활시설","41290-100200674",NA,0,NA,0,0,1,"신대장","",49.5,4,0,0,803,0,"경기도 과천시 갈현동 13-9번지",20210518,1101,"신축허가",3970106,"건축과",2021,1,"일반",1,"총괄표제부",6,41290,"",20210621,1288.25,11,20220318,136.59,1096.81
123.14,0,0,28.05,10300,"","",14,0,20100325,0,"",0,"단독주택",0,0,NA,0,0,0,0,0,0,0,NA,1,NA,3,"01000","단독주택","41290-112",NA,0,NA,0,0,1,"신대장","",0,0,0,0,0,0,"경기도 과천시 갈현동 14-1번지",NA,NA,"",NA,"",NA,1,"일반",1,"총괄표제부",7,41290,"",NA,123.14,0,NA,28.05,123.14
8059.43,7098.2,7,23.84,10300,"과천시 자원정화센터","",205,0,20171115,0,"",0,"쓰레기 처리시설",0,0,NA,0,0,0,0,0,0,0,NA,1,NA,1,"22000","분뇨.쓰레기처리시설","41290-2",10302,177,412903195010,0,0,0,"구대장","경기도 과천시 구리안로 177",1282,92,0,0,33808,0,"경기도 과천시 갈현동 205-1번지",NA,NA,"",NA,"",NA,1,"일반",1,"총괄표제부",8,41290,"",NA,11641.65,92,NA,32.97,11146.12
570.4,0,0,50.123,10300,"갈현동 291 동.식물관련시설 (이영미)","",291,0,20171115,0,"",0,"종묘배양장",0,0,NA,0,0,0,0,0,0,0,NA,0,NA,2,"21000","동물및식물관련시설","41290-100184051",NA,0,NA,0,0,1,"신대장","",34.5,3,0,0,1138,0,"경기도 과천시 갈현동 291번지",20150121,5310,"개발제한구역내 건축허가",3970044,"건축과",2015,1,"일반",1,"총괄표제부",9,41290,"",20150330,570.4,3,20150907,50.123,570.4
539.94,0,0,53.83,10300,"갈현동 291-5 동.식물관련시설","",291,0,20171115,0,"",0,"종묘배양장",0,0,NA,0,0,0,0,0,0,0,NA,5,NA,2,"21000","동물및식물관련시설","41290-100185152",NA,0,NA,0,0,1,"신대장","",34.5,3,0,0,1003,0,"경기도 과천시 갈현동 291-5번지",20150120,5310,"개발제한구역내 건축허가",3970044,"건축과",2015,1,"일반",1,"총괄표제부",10,41290,"",20150401,539.94,3,20160729,53.83,539.94
781.03,0,0,26.32,10300,"","",302,1,20190110,0,"",0,"위험물저장및처리시설,액화석유가스충전소",0,0,NA,0,0,0,0,0,0,0,NA,1,NA,5,"19000","위험물저장및처리시설","41290-79",10302,20,412902000004,0,0,1,"신대장","경기도 과천시 과천대로 20",126.5,11,0,0,2967,0,"경기도 과천시 갈현동 302-1번지",20061222,5310,"개발제한구역내 건축허가",3970000,"과천시",2006,1,"일반",1,"총괄표제부",11,41290,"",20061227,949.01,11,20070430,31.99,949.01
531,0,0,50.14,10300,"","",311,0,20171115,0,"",0,"동.식물관련시설,온실",0,0,NA,0,0,0,0,0,0,0,NA,2,NA,3,"21000","동물및식물관련시설","41290-74",10301,84,412903012036,0,0,1,"신대장","경기도 과천시 삼현로 84",0,0,0,0,1059,0,"경기도 과천시 갈현동 311-2번지",20060117,5310,"개발제한구역내 건축허가",3970000,"과천시",2006,1,"일반",1,"총괄표제부",12,41290,"",20060421,531,0,20060613,50.14,531
549.31,0,0,55.04,10300,"봄빌리지","",354,2,20220702,0,"",0,"제2종근린생활시설(휴게음식점) 및 공동주택(다세대주택)",0,0,NA,5,10,1168.33,30,0,0,0,NA,3,NA,2,"04000","제2종근린생활시설","41290-100188593",NA,0,NA,0,0,1,"신대장","",0,0,0,0,998,0,"경기도 과천시 갈현동 354-3번지",20170412,1101,"신축허가",3970044,"건축과",2017,2,"집합",1,"총괄표제부",13,41290,"",20170515,2922.48,30,20180831,147.24,1469.41
241.2,0,0,33.64,10300,"","",354,0,20230427,0,"",0,"단독주택 및 제2종근린생활시설(사무소)",1,0,NA,0,1,0,0,0,0,0,NA,5,NA,2,"01000","단독주택","41290-100191394",10301,15,412903195002,17,0,1,"신대장","경기도 과천시 가일로 15-17",25,2,0,0,717,0,"경기도 과천시 갈현동 354-5번지",NA,NA,"",NA,"",NA,1,"일반",1,"총괄표제부",14,41290,"",NA,241.2,2,NA,33.64,241.2
245.31,0,0,59.98,10300,"솔하임","",382,0,20180928,0,"",0,"단독주택(다가구주택)",8,0,NA,0,0,92,8,0,0,0,NA,0,NA,2,"01000","단독주택","41290-100187474",NA,0,NA,0,0,1,"신대장","",0,0,0,0,409,0,"경기도 과천시 갈현동 382번지",20170616,1101,"신축허가",3970044,"건축과",2017,1,"일반",1,"총괄표제부",15,41290,"",20170630,611.34,8,20171214,149.47,611.34
129.67,0,0,39.29,10300,"갈현동 395-1 제2종근린생활시설 (이효철)","",395,0,20171115,0,"",0,"사무실, 단독주택",1,0,NA,0,0,0,0,0,0,0,NA,1,NA,2,"04000","제2종근린생활시설","41290-100181559",NA,0,NA,0,0,1,"신대장","",34.5,3,0,0,330,0,"경기도 과천시 갈현동 395-1번지",20110729,5310,"개발제한구역내 건축허가",3970044,"건축과",2011,1,"일반",1,"총괄표제부",16,41290,"",20111005,327.93,3,20120914,99.37,327.93
429.33,65,1,47.39,10300,"","",414,1,20210914,0,"",0,"종교시설, 제2종근린생활시설(사무소)",0,0,NA,0,0,0,0,0,0,0,NA,0,NA,2,"04000","제2종근린생활시설","41290-100198534",10301,33,412903195001,0,0,1,"신대장","경기도 과천시 가일1로 33",25,2,0,0,906,0,"경기도 과천시 갈현동 414번지",20210111,1102,"증축허가",3970106,"건축과",2021,1,"일반",1,"총괄표제부",17,41290,"",20210405,509.92,2,20210901,56.28,509.92
506.12,0,0,31.63,10300,"","",506,0,20230427,0,"",0,"교정및군사시설",0,0,NA,0,0,0,0,0,0,0,NA,0,NA,3,"23000","교정및군사시설","41290-7",NA,0,NA,0,0,1,"신대장","",0,0,0,0,0,0,"경기도 과천시 갈현동 506번지",NA,NA,"",NA,"",NA,1,"일반",1,"총괄표제부",18,41290,"",NA,625.02,0,NA,39.06,625.02
13348.398,0,2,8.025,10300,"","",507,28,20221110,0,"",0,"교정및군사시설",0,0,NA,0,0,0,0,0,0,0,NA,0,NA,57,"23000","교정및군사시설","41290-1000000000000000452156",NA,0,NA,0,0,1,"신대장","",0,0,0,0,166329,0,"경기도 과천시 갈현동 507번지",NA,NA,"",NA,"",NA,1,"일반",1,"총괄표제부",19,41290,"",NA,25197.513,0,NA,13.639,22685.153
143.25,0,0,43.41,10300,"","",519,0,20230427,0,"",0,"단독주택",0,0,NA,1,0,0,0,0,0,0,NA,4,NA,2,"01000","단독주택","41290-100184891",NA,0,NA,0,0,1,"신대장","",23,2,0,0,330,0,"경기도 과천시 갈현동 519-4번지",20140911,5310,"개발제한구역내 건축허가",3970044,"건축과",2014,1,"일반",1,"총괄표제부",20,41290,"",20150904,143.25,2,20160608,43.41,143.25
186.32,0,0,33.39,10300,".","",520,0,20171205,0,"",0,"창고시설(창고)",0,0,NA,0,0,0,0,0,0,0,NA,1,NA,2,"18000","창고시설","41290-78",10301,102,412904385038,0,0,1,"신대장","경기도 과천시 밤나무길 102",0,0,0,0,558,0,"경기도 과천시 갈현동 520-1번지",NA,5310,"개발제한구역내 건축허가",3970000,"과천시",2007,1,"일반",1,"총괄표제부",21,41290,"",NA,186.32,0,19760720,33.39,186.32
672.4,0,0,9.94,10300,"국통사사령부 수송부 정비고","",522,0,20220818,0,"",0,"차량 정비고",0,0,NA,0,0,0,0,0,0,0,NA,0,NA,2,"23000","교정및군사시설","41290-100203534",NA,0,NA,0,0,1,"신대장","",75,6,0,0,6763,0,"경기도 과천시 갈현동 522번지",20210119,5200,"공용건축물",3970106,"건축과",2021,1,"일반",1,"총괄표제부",22,41290,"",20210322,772.53,6,20220811,11.42,772.53
3930.91,0,0,19.55,10300,"과천 중앙 고등학교","",648,2,20171115,0,"",0,"교육연구시설",0,0,NA,0,0,0,0,0,0,0,NA,0,NA,3,"Z8000","교육연구및복지시설","41290-70",10301,17,412903195009,0,0,1,"신대장","경기도 과천시 교육원로 17",770.5,67,0,0,20112.1,0,"경기도 과천시 갈현동 648번지",NA,NA,"",NA,"",NA,1,"일반",1,"총괄표제부",23,41290,"",NA,13589.19,67,NA,59.25,11916.27
1709.46,11129.82,4,20.44,10300,"과천센트레빌 아스테리움","",692,1,20210104,0,"1",142.5,"공동주택(아파트)",0,51,4,100,16,7728.5,216,0,0,0,NA,0,NA,5,"02000","공동주택","41290-100193894",10302,59,412903206129,0,0,1,"신대장","경기도 과천시 중앙로 59",0,10,0,0,8364.4,0,"경기도 과천시 갈현동 692번지",20060711,5809,"재건축협의(주택건설사업계획승인)",3970000,"과천시",2017,2,"집합",1,"총괄표제부",24,41290,"",20180521,24940.72,226,20200811,163.45,13671.94
896.94,0,0,5.8,10300,"과천시 상수도사업소","",19,0,20220531,0,"",0,"정수처리시설 및 슬러지처리시설",0,0,NA,0,0,0,0,0,0,0,NA,33,NA,5,"03000","제1종근린생활시설","41290-3",10302,59,412903206129,92,0,0,"구대장","경기도 과천시 중앙로 59-92",0,0,0,0,15337,1,"경기도 과천시 갈현동 산 19-33번지",NA,NA,"",NA,"",NA,1,"일반",1,"총괄표제부",25,41290,"",NA,1953.16,0,NA,10.57,1622.08
582.84,0,0,11.16,10300,"보광사","",126,0,20171115,0,"",0,"",0,0,NA,0,0,0,0,0,0,0,NA,21,NA,5,"06000","종교시설","41290-76",10301,41,412903195009,0,0,1,"신대장","경기도 과천시 교육원로 41",23,2,0,0,5221,1,"경기도 과천시 갈현동 산 126-21번지",20010605,1101,"신축허가",3970015,"도시건축과",2001,1,"일반",1,"총괄표제부",26,41290,"",NA,412.71,2,20060823,7.9,412.71
4602.65,24375.94,14,16.74,10300,"과천제이드자이","S-9",0,0,20220314,78,"1+",105.9,"공동주택(아파트)",0,63,3,647,4,9051.84,722,0,0,0,NA,0,NA,8,"02000","공동주택","41290-100199914",10301,34,412903353562,0,0,1,"신대장","경기도 과천시 과천대로2길 34",232.56,19,0,0,27500,2,"경기도 과천시 갈현동 블록 과천지식정보타운지구 S-9블록",20121228,NA,"",NA,"",NA,2,"집합",1,"총괄표제부",27,41290,"과천지식정보타운",20190614,75067.76,741,20211224,179.99,49497.41
5176.915,39476.8527,12,12.69,10300,"과천푸르지오라비엔오","S-4블록",0,0,20220707,0,"1+",94.7,"공동주택(아파트)",0,53,4,679,11,35092.2819,951,0,0,0,NA,0,NA,9,"02000","공동주택","41290-100199114",10301,15,412903353554,0,0,1,"신대장","경기도 과천시 과천대로8길 15",104,8,0,0,40808,2,"경기도 과천시 갈현동 블록 과천지식정보타운내지구 S-4블록블록",20171031,2101,"주택건설사업계획승인",3970044,"건축과",2017,2,"집합",1,"총괄표제부",28,41290,"과천지식정보타운내",20180329,121171.257,959,20211210,199.99,81611.6774
3983.5799,37789.0878,10,13.08,10300,"과천푸르지오 벨라르테","S6블록",0,0,20221116,0,"",0,"공동주택(아파트)",0,0,NA,504,11,33764.0913,864,0,0,0,NA,0,NA,6,"02000","공동주택","41290-1000000000000000419019",10301,65,412903353554,0,0,1,"신대장","경기도 과천시 과천대로8길 65",74,6,0,0,30445,2,"경기도 과천시 갈현동 블록 과천지식정보타운 내지구 S6블록블록",20190208,2101,"주택건설사업계획승인",3970079,"건축과",2019,2,"집합",1,"총괄표제부",29,41290,"과천지식정보타운 내",20190405,95812.1551,870,20221026,189.68,57747.922
4795.0668,32591.2701,11,12.99,10300,"과천 르센토 데시앙","S-5블록",0,0,20230421,0,"1+",95.9,"공동주택(아파트)",0,55,4,584,16,28597.3506,818,0,0,0,NA,0,NA,7,"02000","공동주택","41290-1000000000000001628893",10301,35,412903353554,0,0,1,"신대장","경기도 과천시 과천대로8길 35",116.5,9,0,0,36920,2,"경기도 과천시 갈현동 블록 과천지식정보타운내지구 S-5블록블록",20171031,2101,"주택건설사업계획승인",3970044,"건축과",2017,2,"집합",1,"총괄표제부",30,41290,"과천지식정보타운내",20200804,102594.5757,827,20230417,189.3,69887.8319
5717.33,21779.48,21,26.71,10300,"과천 그랑레브 데시앙","",0,0,20230731,0,"1+",101,"공동주택(아파트)",0,51,4,472,6,17210.9,571,0,0,0,NA,0,NA,9,"02000","공동주택","41290-1000000000000002132970",10301,68,412903353554,0,0,1,"신대장","경기도 과천시 과천대로8길 68",0,0,0,0,21409,2,"경기도 과천시 갈현동 블록 과천지식정보타운 S-7BL지구",20181231,NA,"",NA,"",NA,2,"집합",1,"총괄표제부",31,41290,"과천지식정보타운 S-7BL",20201222,61559.45,601,20230616,189.6,40590.94
3137.4864,31423.452,10,13.03,10300,"과천푸르지오 오르투스","S1블록",0,0,20230801,66,"1+",94.7,"공동주택(아파트),근린생활시설",0,56,4,435,5,28052.1776,748,0,0,0,NA,0,NA,5,"02000","공동주택","41290-1000000000000002164666",10302,33,412903353551,0,0,1,"신대장","경기도 과천시 과천대로12가길 33",39.5,3,0,0,24077,2,"경기도 과천시 갈현동 블록 과천지식정보타운지구 S1블록블록",20190624,2101,"주택건설사업계획승인",3970079,"건축과",2019,2,"집합",1,"총괄표제부",32,41290,"과천지식정보타운",20200908,77035.9999,751,20230726,189.99,45743.2663
394.35,0,0,12.19,10500,"과천엘피지충전소",NA,30,4,20220531,0,NA,0,"가스공급시설",0,0,NA,0,0,0,0,0,0,0,NA,0,NA,6,"19000","위험물저장및처리시설","41290-72",10503,526,412903206129,0,0,1,"신대장","경기도 과천시 중앙로 526",136.5,11,0,0,3236,0,"경기도 과천시 과천동 30번지",20050113,5310,"개발제한구역내 건축허가",3970039,"주택과",2005,1,"일반",1,"총괄표제부",1,41290,NA,20060126,508.35,11,20060523,15.71,508.35
429.59,0,0,52.78,10500,"지웨이브",NA,105,0,20190806,0,NA,0,"동식물관련시설(종묘배양장, 온실)",0,0,NA,0,0,0,0,0,0,0,NA,10,NA,2,"21000","동물및식물관련시설","41290-100190574",NA,0,NA,0,0,1,"신대장","",34.5,3,0,0,814,0,"경기도 과천시 과천동 105-10번지",20181023,5310,"개발제한구역내 건축허가",3970079,"건축과",2018,1,"일반",1,"총괄표제부",2,41290,NA,20190401,611.97,3,20190731,75.18,611.97
1066.1,0,0,50.72,10500,"과천동 118-1 동.식물관련시설",NA,118,0,20191007,0,NA,0,"동.식물관련시설(온실, 종묘배양장)",0,0,NA,0,0,0,0,0,0,0,NA,1,NA,2,"21000","동물및식물관련시설","41290-100190714",NA,0,NA,0,0,1,"신대장","",57.5,5,0,0,2102,0,"경기도 과천시 과천동 118-1번지",20181206,5310,"개발제한구역내 건축허가",3970079,"건축과",2018,1,"일반",1,"총괄표제부",3,41290,NA,20181219,1066.1,5,20191001,50.72,1066.1
797.72,0,0,52.55,10500,"과천동 129 종묘배양장, 온실",NA,129,0,20171115,0,NA,0,"종묘배양장, 온실",0,0,NA,0,0,0,0,0,0,0,NA,0,NA,2,"21000","동물및식물관련시설","41290-100186653",NA,0,NA,0,0,1,"신대장","",46,4,0,0,1518,0,"경기도 과천시 과천동 129번지",20161212,5310,"개발제한구역내 건축허가",3970044,"건축과",2016,1,"일반",1,"총괄표제부",4,41290,NA,20170110,797.72,4,20170530,52.55,797.72
295.5,0,0,56.39,10500,"삼성하이빌",NA,140,0,20171118,0,NA,0,"다세대주택(9세대)",0,0,NA,9,0,0,9,0,0,0,NA,46,NA,2,"2000","공동주택","41290-100180893",NA,0,NA,0,0,1,"신대장","",0,0,0,0,524,0,"경기도 과천시 과천동 140-46번지",20111004,1101,"신축허가",3970044,"건축과",2011,2,"집합",1,"총괄표제부",5,41290,NA,20111006,774.54,9,20120419,147.81,774.54
257.42,0,0,52.97,10500,"과천동140-109다세대주택",NA,140,0,20171118,0,NA,0,"다세대주택",0,0,NA,10,0,161.79,10,0,0,0,NA,109,NA,2,"2000","공동주택","41290-100186512",NA,0,NA,0,0,1,"신대장","",0,0,0,0,486,0,"경기도 과천시 과천동 140-109번지",20150911,1101,"신축허가",3970044,"건축과",2015,2,"집합",1,"총괄표제부",6,41290,NA,20160721,726.51,10,20170420,149.49,726.51
280.48,0,0,55.98,10500,"아리마",NA,142,0,20220908,0,NA,0,"단독주택(다가구주택)",10,0,NA,0,0,242.94,10,0,0,0,NA,6,NA,2,"1000","단독주택","41290-100188413",NA,0,NA,0,0,1,"신대장","",0,0,0,0,501,0,"경기도 과천시 과천동 142-6번지",20170615,1101,"신축허가",3970044,"건축과",2017,1,"일반",1,"총괄표제부",7,41290,NA,20170623,750.36,10,20180721,149.77,750.36
277.47,0,0,59.93,10500,"피오니하우스",NA,142,0,20191224,0,NA,0,"단독주택(다가구주택)",10,0,NA,0,0,0,0,0,0,0,NA,7,NA,2,"1000","단독주택","41290-100191074",10501,21,412903195004,21,0,1,"신대장","경기도 과천시 광창1로 21-21",110.7,10,0,0,463,0,"경기도 과천시 과천동 142-7번지",20180713,1101,"신축허가",3970079,"건축과",2018,1,"일반",1,"총괄표제부",8,41290,NA,20190415,694.07,10,20191213,149.91,694.07
285.72,0,0,59.03,10500,"과천동 K 근생주택",NA,144,1,20230727,0,NA,0,"단독주택(다가구주택), 제1종근린생활시설(소매점)",7,0,NA,0,0,535.05,8,0,0,0,NA,1,NA,2,"1000","단독주택","41290-1000000000000002126921",10501,4,412903195007,0,0,1,"신대장","경기도 과천시 광창4로 4",0,0,0,0,484,0,"경기도 과천시 과천동 144-1번지",20220520,1101,"신축허가",3970106,"건축과",2022,1,"일반",1,"총괄표제부",9,41290,NA,20220620,994.13,8,20230724,134.99,653.36
320.54,0,0,59.69,10500,"루아채",NA,145,1,20220802,0,NA,0,"단독주택(다가구주택), 제2종근린생활시설(사무소)",10,0,NA,0,0,184.54,2,0,0,0,NA,4,NA,2,"1000","단독주택","41290-100203394",10501,9,412903195007,0,0,1,"신대장","경기도 과천시 광창4로 9",132.2,11,0,0,537,0,"경기도 과천시 과천동 145-4번지",20210513,1101,"신축허가",3970106,"건축과",2021,1,"일반",1,"총괄표제부",10,41290,NA,20210815,1146.36,13,20220726,133.86,718.81
335.34,0,0,51.12,10500,"송관네스트빌",NA,152,1,20200319,0,NA,0,"제2종근린생활시설(사무소) 및 단독주택(다가구주택)",5,0,NA,0,0,300,10,0,0,0,NA,2,NA,2,"4000","제2종근린생활시설","41290-100191314",10501,26,412903195006,0,0,1,"신대장","경기도 과천시 광창3로 26",0,0,0,0,656,0,"경기도 과천시 과천동 152-2번지",20190627,1101,"신축허가",3970079,"건축과",2019,1,"일반",1,"총괄표제부",11,41290,NA,20190715,896.15,10,20200311,136.61,896.15
1749.84,0,0,50.11,10500,"",NA,231,0,20171115,0,NA,0,"온실",0,0,NA,0,0,112.24,3,0,0,0,NA,4,NA,2,"21000","동물및식물관련시설","41290-100183550",NA,0,NA,0,0,1,"신대장","",57.5,5,0,0,3492,0,"경기도 과천시 과천동 231-4번지",20120921,5310,"개발제한구역내 건축허가",3970044,"건축과",2012,1,"일반",1,"총괄표제부",12,41290,NA,20130619,1749.84,8,20141201,50.11,1749.84
1519.03,0,0,56.98,10500,"주건축물 제1동, 주건축물 제2동",NA,231,0,20190613,0,NA,0,"온실",0,0,NA,0,0,0,0,0,0,0,NA,5,NA,2,"21000","동물및식물관련시설","41290-100190334",NA,0,NA,0,0,1,"신대장","",92,8,0,0,2666,0,"경기도 과천시 과천동 231-5번지",20150910,5310,"개발제한구역내 건축허가",3970044,"건축과",2015,1,"일반",1,"총괄표제부",13,41290,NA,20160226,1519.03,8,20190521,56.98,1519.03
729.4,0,0,52.4,10500,"제A동, 제B동",NA,245,0,20190814,0,NA,0,"동.식물관련시설(온실, 종묘배양장)",0,0,NA,0,0,0,0,0,0,0,NA,13,NA,2,"21000","동물및식물관련시설","41290-100190555",NA,0,NA,0,0,1,"신대장","",57.5,5,0,0,1392,0,"경기도 과천시 과천동 245-13번지",20181206,5310,"개발제한구역내 건축허가",3970079,"건축과",2018,1,"일반",1,"총괄표제부",14,41290,NA,20181219,956.32,5,20190724,68.7,956.32
2426.853,0,0,6.79,10500,"과천하수처리장",NA,249,16,20200603,0,NA,0,"하수처리장",0,0,NA,0,0,0,0,0,0,0,NA,0,NA,6,"22000","분뇨.쓰레기처리시설","41290-100176885",10501,17,412903195030,0,0,1,"신대장","경기도 과천시 상하벌로 17",0,0,0,0,35735,0,"경기도 과천시 과천동 249번지",20090115,5310,"개발제한구역내 건축허가",3970044,"건축과",2009,1,"일반",1,"총괄표제부",15,41290,NA,NA,3523.743,0,20090122,8.74,3124.013
1265.5,0,0,49.76,10500,"",NA,264,3,20230427,0,NA,0,"동,식물관련시설",0,0,NA,0,0,0,0,0,0,0,NA,1,NA,0,"21000","동물및식물관련시설","41290-100184811",NA,0,NA,0,0,1,"신대장","",0,0,0,0,2543,0,"경기도 과천시 과천동 264-1번지",NA,NA,"",NA,"",NA,1,"일반",1,"총괄표제부",16,41290,NA,NA,1265.5,0,NA,49.76,1265.5
0,0,0,0,10500,"",NA,268,0,20171115,0,NA,0,"",0,0,NA,0,0,0,0,0,0,0,NA,3,NA,0,NA,"","41290-100178440",10501,34,412903195030,0,0,1,"신대장","경기도 과천시 상하벌로 34",0,0,0,0,0,0,"경기도 과천시 과천동 268-3번지",NA,NA,"",NA,"",NA,1,"일반",1,"총괄표제부",17,41290,NA,NA,0,0,NA,0,0
720.5,0,0,54.5,10500,"",NA,277,0,20171115,0,NA,0,"종묘배양장",0,0,NA,0,0,0,0,0,0,0,NA,1,NA,2,"21000","동물및식물관련시설","41290-100182360",NA,0,NA,0,0,1,"신대장","",34.5,3,0,0,1322,0,"경기도 과천시 과천동 277-1번지",20130327,5320,"개발제한구역내 건축신고",3970044,"건축과",2013,1,"일반",1,"총괄표제부",18,41290,NA,NA,720.5,3,20130716,54.5,720.5
355.75,0,0,53.82,10500,"선화농원",NA,280,0,20171115,0,NA,0,"종묘배양실",0,0,NA,0,0,0,0,0,0,0,NA,8,NA,2,"21000","동물및식물관련시설","41290-100184217",NA,0,NA,0,0,1,"신대장","",23,2,0,0,661,0,"경기도 과천시 과천동 280-8번지",20130812,5310,"개발제한구역내 건축허가",3970044,"건축과",2013,1,"일반",1,"총괄표제부",19,41290,NA,20150811,355.75,2,20151110,53.82,355.75
495,0,0,51.83,10500,"",NA,281,0,20171115,0,NA,0,"종묘배양시설",0,0,NA,0,0,0,0,0,0,0,NA,3,NA,2,"21000","동물및식물관련시설","41290-100184011",NA,0,NA,0,0,1,"신대장","",34.5,3,0,0,955,0,"경기도 과천시 과천동 281-3번지",20101118,5310,"개발제한구역내 건축허가",3970044,"건축과",2010,1,"일반",1,"총괄표제부",20,41290,NA,20110414,495,3,20150806,51.83,495
915.2,0,0,50.37,10500,"과천동 282-1 동.식물관련시설 (오현숙)",NA,282,0,20171115,0,NA,0,"종묘배양시설",0,0,NA,0,0,0,0,0,0,0,NA,1,NA,3,"21000","동물및식물관련시설","41290-100179232",10501,52,412903195029,0,0,1,"신대장","경기도 과천시 상하벌1로 52",57.5,5,0,0,1817,0,"경기도 과천시 과천동 282-1번지",20100322,5310,"개발제한구역내 건축허가",3970044,"건축과",2010,1,"일반",1,"총괄표제부",21,41290,NA,20100512,915.2,5,20101025,50.37,915.2
535.11,0,0,54.66,10500,"마므레빌리지",NA,363,0,20230427,0,NA,0,"단독주택(다가구주택), 제2종근린생활시설",10,0,NA,0,0,173.25,15,0,0,0,NA,1,NA,3,"1000","단독주택","41290-1000000000000001192616",10501,10,412903195014,5,0,1,"신대장","경기도 과천시 뒷골2로 10-5",0,0,0,0,979,0,"경기도 과천시 과천동 363-1번지",20160727,1101,"신축허가",3970044,"건축과",2016,1,"일반",1,"총괄표제부",22,41290,NA,NA,1422.51,15,20170510,145.3,1422.51
275.62,0,0,50.204007,10500,"에스엠케이",NA,363,3,20200905,0,NA,0,"제2종근린생활시설(사무소, 일반음식점)",0,0,NA,0,0,126.46,4,0,0,0,NA,16,NA,2,"4000","제2종근린생활시설","41290-100179817",10501,16,412903195014,0,0,1,"신대장","경기도 과천시 뒷골2로 16",47.74,4,0,0,549,0,"경기도 과천시 과천동 363-16번지",NA,NA,"",NA,"",NA,1,"일반",1,"총괄표제부",23,41290,NA,NA,618.29,8,NA,89.58652,491.83
294.86,0,0,44.81,10500,"",NA,364,0,20230427,0,NA,0,"단독주택, 제1종근린생활시설(휴게음식점)",1,0,NA,0,1,0,0,0,0,0,NA,1,NA,2,"1000","단독주택","41290-1000000000000000942984",10501,9,412903195014,0,0,1,"신대장","경기도 과천시 뒷골2로 9",62.5,5,0,0,658,0,"경기도 과천시 과천동 364-1번지",NA,NA,"",NA,"",NA,1,"일반",1,"총괄표제부",24,41290,NA,NA,418.16,5,NA,59.54,391.78
91,0,0,15.8,10500,"",NA,405,0,20111022,0,NA,0,"단독주택",2,0,NA,0,0,0,0,0,0,0,NA,0,NA,2,"1000","단독주택","41290-21",NA,0,NA,0,0,1,"신대장","",0,0,0,0,0,0,"경기도 과천시 과천동 405번지",NA,NA,"",NA,"",NA,1,"일반",1,"총괄표제부",25,41290,NA,NA,91,0,NA,15.8,91
292.08,0,0,45.21,10500,"과천동 415-4 단독주택",NA,415,0,20131219,0,NA,0,"제1종 근린생활시설",2,0,NA,0,0,11.5,1,0,0,0,NA,4,NA,2,"1000","단독주택","41290-100182600",NA,0,NA,0,0,1,"신대장","",23,2,0,0,646,0,"경기도 과천시 과천동 415-4번지",20121123,1102,"증축허가",3970044,"건축과",2012,1,"일반",1,"총괄표제부",26,41290,NA,20130508,428.53,3,20131121,58.95,380.79
347.86,0,0,38.608213,10500,"",NA,455,0,20220531,0,NA,0,"주유소및 제2종근.생(수리점/사무소)",0,0,NA,0,0,0,0,0,0,0,NA,16,NA,2,"4000","제2종근린생활시설","41290-100179754",10503,417,412903206129,0,0,1,"신대장","경기도 과천시 중앙로 417",80.5,7,0,0,901,0,"경기도 과천시 과천동 455-16번지",NA,NA,"",NA,"",NA,1,"일반",1,"총괄표제부",27,41290,NA,NA,632.12,7,NA,60.534961,545.42
227.11,0,0,59.77,10500,"과천동 458-5 근.생",NA,458,2,20190122,0,NA,0,"제2종근린생활시설(사무소)",0,0,NA,0,0,0,0,0,0,0,NA,5,NA,2,"4000","제2종근린생활시설","41290-100179212",NA,0,NA,0,0,1,"신대장","",23,2,0,0,380,0,"경기도 과천시 과천동 458-5번지",NA,NA,"",NA,"",NA,1,"일반",1,"총괄표제부",28,41290,NA,NA,492.9,2,NA,104.74,398
190.7,0,0,52.1038,10500,"",NA,461,0,20171115,0,NA,0,"단지형 다세대주택",0,0,NA,5,0,57.5,5,0,0,0,NA,9,NA,2,"2000","공동주택","41290-100183810",NA,0,NA,0,0,1,"신대장","",0,0,0,0,366,0,"경기도 과천시 과천동 461-9번지",20140730,1101,"신축허가",3970044,"건축과",2014,2,"집합",1,"총괄표제부",29,41290,NA,20140918,535.13,5,20150429,146.2104,535.13
242.89,0,0,53.86,10500,"솔로몬",NA,461,2,20211206,0,NA,0,"다세대주택",0,0,NA,7,0,0,0,0,0,0,NA,12,NA,2,"2000","공동주택","41290-100199014",NA,0,NA,0,0,1,"신대장","",100,8,0,0,451,0,"경기도 과천시 과천동 461-12번지",20170828,5310,"개발제한구역내 건축허가",3970044,"건축과",1980,2,"집합",1,"총괄표제부",30,41290,NA,20171210,672.45,8,20211202,149.1,672.45
262.79,0,0,56.635775,10500,"",NA,461,0,20171115,0,NA,0,"다세대주택, 제1종근린생활시설(소매점)",0,0,NA,6,0,11.5,1,0,0,0,NA,15,NA,2,"2000","공동주택","41290-100180542",NA,0,NA,0,0,1,"신대장","",143.95,7,0,0,464,0,"경기도 과천시 과천동 461-15번지",20110715,NA,"",NA,"",NA,2,"집합",1,"총괄표제부",31,41290,NA,20110805,641.05,0,20111214,138.15732,641.05
251.56,0,0,48.5637,10500,"빌리지",NA,461,0,20171205,0,NA,0,"도시형생활주택_단지형다세대주택",0,0,NA,8,0,209.6,8,0,0,0,NA,36,NA,2,"2000","공동주택","41290-100186752",NA,0,NA,0,0,1,"신대장","",0,0,0,0,518,0,"경기도 과천시 과천동 461-36번지",20160729,1101,"신축허가",3970044,"건축과",2016,2,"집합",1,"총괄표제부",32,41290,NA,20161121,706.53,8,20170623,136.3958,706.53
306.97,0,0,58.81,10500,"너른마당",NA,462,0,20090320,0,NA,0,"다세대주택",0,0,NA,6,0,215.25,10,0,0,0,NA,8,NA,2,"2000","공동주택","41290-100171965",10501,25,412903195035,11,0,1,"신대장","경기도 과천시 양지마을1로 25-11",0,0,0,0,522,0,"경기도 과천시 과천동 462-8번지",20070710,1101,"신축허가",3970044,"건축과",2007,2,"집합",1,"총괄표제부",33,41290,NA,20070718,781.89,10,20080227,149.79,781.89
255.44,0,0,51.5,10500,"과천동 468-18 공동주택",NA,468,0,20180928,0,NA,0,"공동주택(다세대주택)",0,0,NA,10,0,0,10,0,0,0,NA,18,NA,2,"2000","공동주택","41290-100188259",NA,0,NA,0,0,1,"신대장","",0,0,0,0,496,0,"경기도 과천시 과천동 468-18번지",20161102,1101,"신축허가",3970044,"건축과",2016,2,"집합",1,"총괄표제부",34,41290,NA,20170424,640.47,10,20180601,129.13,640.47
277.58,0,0,59.9525,10500,"",NA,469,0,20230427,0,NA,0,"",0,0,NA,6,0,0,0,0,0,0,NA,0,NA,2,"2000","공동주택","41290-100183000",NA,0,NA,0,0,1,"신대장","",69,6,0,0,463,0,"경기도 과천시 과천동 469번지",20131115,1101,"신축허가",3970044,"건축과",2013,1,"일반",1,"총괄표제부",35,41290,NA,20131118,637.05,6,20140516,137.5918,637.05
390.4,0,0,57.41,10500,"뷔센하우스",NA,469,0,20171115,0,NA,0,"공동주택(다세대주택(6세대))",0,0,NA,6,0,0,0,0,0,0,NA,2,NA,2,"2000","공동주택","41290-69",10501,10,412903195036,0,0,1,"신대장","경기도 과천시 양지마을2로 10",0,13,0,0,680,0,"경기도 과천시 과천동 469-2번지",20060201,1101,"신축허가",3970000,"과천시",2006,2,"집합",1,"총괄표제부",36,41290,NA,20060408,1002.48,13,20061110,147.42,1002.48
0,0,0,0,10500,"",NA,484,0,20171118,0,NA,0,"",0,0,NA,0,0,0,0,0,0,0,NA,3,NA,0,NA,"","41290-100178576",10501,33,412903195038,0,0,1,"신대장","경기도 과천시 양지마을4로 33",0,0,0,0,0,0,"경기도 과천시 과천동 484-3번지",NA,NA,"",NA,"",NA,2,"집합",1,"총괄표제부",37,41290,NA,NA,0,0,NA,0,0
269.95,0,0,54.21,10500,"노팅힐",NA,491,0,20190606,0,NA,0,"공동주택(다세대주택)",0,0,NA,4,0,299.99,8,0,0,0,NA,3,NA,2,"2000","공동주택","41290-100190257",NA,0,NA,0,0,1,"신대장","",0,0,0,0,498,0,"경기도 과천시 과천동 491-3번지",20180928,1101,"신축허가",3970079,"건축과",2018,2,"집합",1,"총괄표제부",38,41290,NA,20181015,865.3,8,20190424,109.34,544.53
255.37,0,0,59.95,10500,"Blessing Hill 제A동, 제B동",NA,513,0,20190612,0,NA,0,"단독주택(다가구주택)",8,0,NA,0,0,166.55,8,0,0,0,NA,23,NA,2,"1000","단독주택","41290-100190338",NA,0,NA,0,0,1,"신대장","",0,0,0,0,426,0,"경기도 과천시 과천동 513-23번지",20180911,1101,"신축허가",3970079,"건축과",2018,1,"일반",1,"총괄표제부",39,41290,NA,20181012,678.88,8,20190521,149.48,636.8
436.6,0,0,47,10500,"씨티빌",NA,513,1,20171115,0,NA,0,"다세대주택",0,0,NA,15,0,0,0,0,0,0,NA,35,NA,5,"2000","공동주택","41290-100182221",NA,0,NA,0,0,1,"신대장","",0,15,0,0,929,0,"경기도 과천시 과천동 513-35번지",20120417,1101,"신축허가",3970044,"건축과",2012,2,"집합",1,"총괄표제부",40,41290,NA,20120420,1279.4,15,20130605,137.72,1279.4
322.35,0,0,58.396739,10500,"가온재",NA,513,0,20171115,0,NA,0,"공동중택-도시형생활주택 단지형다세대",0,0,NA,0,0,115.7,10,0,0,0,NA,46,NA,2,"2000","공동주택","41290-100186944",NA,0,NA,0,0,1,"신대장","",0,0,0,0,552,0,"경기도 과천시 과천동 513-46번지",20161027,1101,"신축허가",3970044,"건축과",2016,2,"집합",1,"총괄표제부",41,41290,NA,20161130,810.02,10,20170807,146.74275,810.02
405.6,0,0,54.08,10500,"더불어 숲",NA,513,1,20100420,0,NA,0,"공동주택,다세대주택(9세대)",0,0,NA,9,0,0,13,0,0,0,NA,64,NA,3,"2000","공동주택","41290-81",NA,0,NA,0,0,1,"신대장","",0,0,0,0,750,0,"경기도 과천시 과천동 513-64번지",20060708,1101,"신축허가",3970000,"과천시",2006,2,"집합",1,"총괄표제부",42,41290,NA,20060913,1037.22,0,20070622,138.3,1037.22
269.23,0,0,34.694587,10500,"",NA,535,0,20171115,0,NA,0,"자동차수리점",0,0,NA,0,0,34.5,3,0,0,0,NA,15,NA,2,"4000","제2종근린생활시설","41290-100184191",NA,0,NA,0,0,1,"신대장","",0,0,0,0,776,0,"경기도 과천시 과천동 535-15번지",20150714,1101,"신축허가",3970044,"건축과",2015,1,"일반",1,"총괄표제부",43,41290,NA,20150716,429.985,3,20151103,55.410438,429.985
194.27,0,0,50.33,10500,"과천동 576-2",NA,576,0,20230306,0,NA,0,"단독주택(다가구주택)",6,0,NA,0,0,0,0,0,0,0,NA,2,NA,2,"1000","단독주택","41290-1000000000000001382891",10501,89,412904385020,0,0,1,"신대장","경기도 과천시 남태령옛길 89",69,6,0,0,386,0,"경기도 과천시 과천동 576-2번지",20130318,1101,"신축허가",3970044,"건축과",2013,1,"일반",1,"총괄표제부",44,41290,NA,20130528,577.98,6,20140122,149.74,577.98
0,0,0,0,10500,"",NA,758,12,20220503,0,NA,0,"",0,0,NA,0,0,0,0,0,0,0,NA,0,NA,0,NA,"","41290-100200854",10501,110,412903195030,0,0,1,"신대장","경기도 과천시 상하벌로 110",0,0,0,0,0,0,"경기도 과천시 과천동 758번지",NA,NA,"",NA,"",NA,1,"일반",1,"총괄표제부",45,41290,NA,NA,0,0,NA,0,0
212.75,0,0,0.96,10500,"",NA,71,0,20180928,0,NA,0,"단독주택",2,0,NA,0,0,0,0,0,0,0,NA,0,NA,2,"1000","단독주택","41290-27",10501,21,412903195015,20,0,1,"신대장","경기도 과천시 뒷골로 21-20",0,0,0,0,0,1,"경기도 과천시 과천동 산 71번지",NA,NA,"",NA,"",NA,1,"일반",1,"총괄표제부",46,41290,NA,NA,261.06,0,NA,0.96,212.75
159.81,0,0,2.01,10500,"통합막사외2동",NA,93,2,20220519,0,NA,0,"국방 · 군사시설",0,0,NA,0,0,0,0,0,0,0,NA,4,NA,3,"23000","교정및군사시설","41290-100198554",NA,0,NA,0,0,1,"신대장","",0,0,0,0,7944,1,"경기도 과천시 과천동 산 93-4번지",NA,NA,"",NA,"",NA,1,"일반",1,"총괄표제부",47,41290,NA,NA,158.25,0,NA,1.99,158.25
5296.66,0,0,0.4080333,10500,"통합막사 외49개동",NA,95,2,20221013,0,NA,0,"교정및군사시설",0,0,NA,0,0,0,0,0,0,0,NA,2,NA,29,"23000","교정및군사시설","41290-1000000000000000207954",NA,0,NA,0,NA,1,"신대장","",0,0,0,0,1298095,1,"경기도 과천시 과천동 산 95-2번지",NA,NA,"",NA,"",NA,1,"일반",1,"총괄표제부",48,41290,NA,NA,8390.08,0,NA,0.6287737,8162.08
7024.96,0,0,11.2486,10500,"국방군사시설",NA,112,14,20220702,0,NA,0,"국방군사시설",0,0,NA,0,0,0,0,0,0,0,NA,1,NA,57,"23000","교정및군사시설","41290-100180372",10504,615,412902000004,0,0,1,"신대장","경기도 과천시 과천대로 615",1012,88,0,0,62452,1,"경기도 과천시 과천동 산 112-1번지",NA,NA,"",NA,"",NA,1,"일반",1,"총괄표제부",49,41290,NA,NA,17465.58,88,NA,27.1034,16926.61
2583.54,819.29,3,1.464,10100,"관문체육공원",NA,3,2,20220531,0,NA,0,"운동시설(실내체육관)",0,0,NA,0,0,0,0,0,0,0,NA,0,NA,1,"13000","운동시설","41290-100178595",10101,294,412903206129,0,0,1,"신대장","경기도 과천시 중앙로 294",0,0,0,0,176471.3,0,"경기도 과천시 관문동 3번지",NA,NA,"",NA,"",NA,1,"일반",1,"총괄표제부",1,41290,NA,NA,3840.37,621,NA,0.9510271,1678.29
144.63,0,0,21.62,10100,"",NA,71,0,20201021,0,NA,0,"",2,0,NA,0,0,147.92,3,0,0,0,NA,17,NA,3,"1000","단독주택","41290-100183490",10101,65,412904385043,0,0,1,"신대장","경기도 과천시 산마을길 65",0,0,0,0,669,0,"경기도 과천시 관문동 71-17번지",20140312,5310,"개발제한구역내 건축허가",3970044,"건축과",2014,1,"일반",1,"총괄표제부",2,41290,NA,20140327,478.84,3,20141120,34.32,229.64
2660,0,0,0,10400,"서울대공원",NA,33,0,20180928,0,NA,0,"서울대공원시설",0,0,NA,0,0,0,0,0,0,0,NA,0,NA,0,"Z5000","문화및집회시설","41290-10",NA,0,NA,0,0,0,"구대장","",0,0,0,0,0,0,"경기도 과천시 막계동 33번지",NA,NA,"",NA,"",NA,1,"일반",1,"총괄표제부",1,41290,NA,NA,2754,0,NA,0,0
221,0,0,6.91,10400,"",NA,46,0,20180928,0,NA,0,"",0,0,NA,0,0,0,0,0,0,0,NA,1,NA,2,"07000","판매시설","41290-13",NA,0,NA,0,0,1,"신대장","",0,0,0,0,0,0,"경기도 과천시 막계동 46-1번지",NA,NA,"",NA,"",NA,1,"일반",1,"총괄표제부",2,41290,NA,NA,221,0,NA,6.91,221
1527,0,0,33.79,10400,"",NA,49,0,20180928,0,NA,0,"문화및집회시설",0,0,NA,0,0,0,0,0,0,0,NA,1,NA,2,"05000","문화및집회시설","41290-87",NA,0,NA,0,0,1,"신대장","",0,0,0,0,0,0,"경기도 과천시 막계동 49-1번지",NA,NA,"",NA,"",NA,1,"일반",1,"총괄표제부",3,41290,NA,NA,1527,0,NA,33.79,1527
26,0,0,15.66,10400,"간이냉동고",NA,74,0,20180928,0,NA,0,"관광휴게시설",0,0,NA,0,0,0,0,0,0,0,NA,5,NA,2,"27000","관광휴게시설","41290-11",NA,0,NA,0,0,0,"구대장","",0,0,0,0,166,0,"경기도 과천시 막계동 74-5번지",NA,NA,"",NA,"",NA,1,"일반",1,"총괄표제부",4,41290,NA,NA,26,0,NA,15.66,26
57,0,0,3.04,10400,"",NA,114,0,20180928,0,NA,0,"",0,0,NA,0,0,0,0,0,0,0,NA,0,NA,2,"27000","관광휴게시설","41290-104",NA,0,NA,0,0,1,"신대장","",0,0,0,0,0,0,"경기도 과천시 막계동 114번지",NA,NA,"",NA,"",NA,1,"일반",1,"총괄표제부",5,41290,NA,NA,57,0,NA,3.04,57
2340.29,0,0,0.04,10400,"",NA,159,0,20171115,0,NA,0,"동물관련시설",0,0,NA,0,0,0,0,0,0,0,NA,1,NA,13,"05000","문화및집회시설","41290-116",10401,102,412903195012,0,0,1,"신대장","경기도 과천시 대공원광장로 102",0,0,0,0,6670000,0,"경기도 과천시 막계동 159-1번지",NA,NA,"",NA,"",NA,1,"일반",1,"총괄표제부",6,41290,NA,NA,3476.69,0,NA,0.05,3476.69
395,0,0,13.96,10400,"",NA,449,0,20180928,0,NA,0,"문화및집회시설",0,0,NA,0,0,0,0,0,0,0,NA,0,NA,2,"05000","문화및집회시설","41290-88",NA,0,NA,0,0,1,"신대장","",0,0,0,0,0,0,"경기도 과천시 막계동 449번지",NA,NA,"",NA,"",NA,1,"일반",1,"총괄표제부",7,41290,NA,NA,395,0,NA,13.96,395
206,0,0,16.61,10400,"",NA,467,0,20180928,0,NA,0,"",0,0,NA,0,0,0,0,0,0,0,NA,0,NA,4,"27000","관광휴게시설","41290-14",NA,0,NA,0,0,1,"신대장","",0,0,0,0,0,0,"경기도 과천시 막계동 467번지",NA,NA,"",NA,"",NA,1,"일반",1,"총괄표제부",8,41290,NA,NA,300,0,NA,24.19,300
715.52,0,0,4.5546,10400,"서울대공원 동물원 정문",NA,604,22,20220324,0,NA,0,"동물원",0,0,NA,0,0,0,0,0,0,0,NA,0,NA,4,"05000","문화및집회시설","41290-100200694",NA,0,NA,0,0,1,"신대장","",0,0,0,0,15710,0,"경기도 과천시 막계동 604번지",20201228,5200,"공용건축물",3970106,"건축과",2020,1,"일반",1,"총괄표제부",9,41290,NA,20210112,485.02,0,20220311,3.0873,485.02
309.6,0,0,0,10400,"",NA,627,0,20180928,0,NA,0,"",0,0,NA,0,0,0,0,0,0,0,NA,0,NA,2,"21000","동물및식물관련시설","41290-89",NA,0,NA,0,0,1,"신대장","",0,0,0,0,0,0,"경기도 과천시 막계동 627번지",NA,NA,"",NA,"",NA,1,"일반",1,"총괄표제부",10,41290,NA,NA,309.6,0,NA,0,309.6
1885.42,1022.98,9,1.78,10400,"휴게소",NA,692,10,20180928,0,NA,0,"공원편익시설(근린생활시설)",0,0,NA,0,0,0,0,0,0,0,NA,0,NA,11,"04000","제2종근린생활시설","41290-105",NA,0,NA,0,0,0,"구대장","",0,0,0,0,6670000,0,"경기도 과천시 막계동 692번지",NA,NA,"",NA,"",NA,1,"일반",1,"총괄표제부",11,41290,NA,NA,1885.42,0,NA,28.57,1885.42
636.47,0,0,34.02,10400,"",NA,702,0,20180928,0,NA,0,"문화및집회시설",0,0,NA,0,0,0,0,0,0,0,NA,0,NA,2,"05000","문화및집회시설","41290-15",NA,0,NA,0,0,1,"신대장","",0,0,0,0,0,0,"경기도 과천시 막계동 702번지",NA,NA,"",NA,"",NA,1,"일반",1,"총괄표제부",12,41290,NA,NA,800.47,0,NA,34.02,636.47
381.3,0,0,22.79,10400,"",NA,734,0,20180928,0,NA,0,"문화및집회시설",0,0,NA,0,0,0,0,0,0,0,NA,0,NA,6,"05000","문화및집회시설","41290-117",NA,0,NA,0,0,1,"신대장","",0,0,0,0,0,0,"경기도 과천시 막계동 734번지",NA,NA,"",NA,"",NA,1,"일반",1,"총괄표제부",13,41290,NA,NA,381.3,0,NA,22.79,381.3
51.6,0,0,5.84,10400,"",NA,740,0,20180928,0,NA,0,"문화및집회시설",0,0,NA,0,0,0,0,0,0,0,NA,0,NA,2,"05000","문화및집회시설","41290-16",NA,0,NA,0,0,1,"신대장","",0,0,0,0,0,0,"경기도 과천시 막계동 740번지",NA,NA,"",NA,"",NA,1,"일반",1,"총괄표제부",14,41290,NA,NA,51.6,0,NA,5.84,51.6
361.5,0,0,24.63,10400,"",NA,807,0,20221006,0,NA,0,"문화및집회시설",0,0,NA,0,0,0,0,0,0,0,NA,0,NA,2,"05000","문화및집회시설","41290-17",NA,0,NA,0,0,1,"신대장","",0,0,0,0,0,0,"경기도 과천시 막계동 807번지",NA,NA,"",NA,"",NA,1,"일반",1,"총괄표제부",15,41290,NA,NA,361.5,0,NA,24.63,361.5
191,0,0,52.47,10400,"",NA,823,0,20180928,0,NA,0,"문화및집회시설",0,0,NA,0,0,0,0,0,0,0,NA,0,NA,4,"05000","문화및집회시설","41290-91",NA,0,NA,0,0,1,"신대장","",0,0,0,0,0,0,"경기도 과천시 막계동 823번지",NA,NA,"",NA,"",NA,1,"일반",1,"총괄표제부",16,41290,NA,NA,191,0,NA,52.47,191
270,0,0,35.34,10400,"",NA,824,0,20180928,0,NA,0,"문화및집회시설",0,0,NA,0,0,0,0,0,0,0,NA,0,NA,9,"05000","문화및집회시설","41290-18",NA,0,NA,0,0,1,"신대장","",0,0,0,0,0,0,"경기도 과천시 막계동 824번지",NA,NA,"",NA,"",NA,1,"일반",1,"총괄표제부",17,41290,NA,NA,270,0,NA,35.34,270
352.5,0,0,44.85,10400,"과천대로 472-1 종묘배양장 A동, B동",NA,994,1,20190814,0,NA,0,"동식물관련시설(종묘배양장)",0,0,NA,0,0,0,0,0,0,0,NA,1,NA,2,"21000","동물및식물관련시설","41290-100190595",NA,0,NA,0,0,1,"신대장","",23,2,0,0,786,0,"경기도 과천시 막계동 994-1번지",20160430,5310,"개발제한구역내 건축허가",3970044,"건축과",2016,1,"일반",1,"총괄표제부",18,41290,NA,20160831,352.5,2,20190812,44.85,352.5
228.25,0,0,15.27,10400,"과천햇살주유소",NA,999,0,20171115,0,NA,0,"주유소",0,0,NA,0,0,0,0,0,0,0,NA,1,NA,3,"19000","위험물저장및처리시설","41290-100180913",NA,0,NA,0,0,1,"신대장","",0,1,0,0,1495,0,"경기도 과천시 막계동 999-1번지",20110824,5310,"개발제한구역내 건축허가",3970044,"건축과",2011,1,"일반",1,"총괄표제부",19,41290,NA,20111101,228.25,1,20120515,15.27,228.25
0,0,0,0,10400,"서울대공원",NA,5,8,20180928,0,NA,0,"화장실",0,0,NA,0,0,0,0,0,0,0,NA,0,NA,0,"03010","정수장","41290-118",NA,0,NA,0,0,0,"구대장","",0,0,0,0,0,1,"경기도 과천시 막계동 산 5번지",NA,NA,"",NA,"",NA,1,"일반",1,"총괄표제부",20,41290,NA,NA,13877.32,0,NA,0,0
434,0,0,20.84,10400,"",NA,49,0,20180928,0,NA,0,"위락시설, 관광휴게시설",0,0,NA,0,0,0,0,0,0,0,NA,0,NA,2,"16000","위락시설","41290-106",NA,0,NA,0,0,0,"구대장","",0,0,0,0,2083,1,"경기도 과천시 막계동 산 49번지",NA,NA,"",NA,"",NA,1,"일반",1,"총괄표제부",21,41290,NA,NA,434,0,NA,20.84,434
437.5,54,1,0.01,10400,"",NA,59,0,20180928,0,NA,0,"휴게음식점, 대피소",0,0,NA,0,0,0,0,0,0,0,NA,2,NA,2,"05000","문화및집회시설","41290-12",NA,0,NA,0,0,0,"구대장","",0,0,0,0,6670000,1,"경기도 과천시 막계동 산 59-2번지",NA,NA,"",NA,"",NA,1,"일반",1,"총괄표제부",22,41290,NA,NA,405.5,0,NA,0.01,405.5
1915,0,0,5.6,10400,"",NA,61,0,20180928,0,NA,0,"문화및집회시설",0,0,NA,0,0,0,0,0,0,0,NA,1,NA,2,"05000","문화및집회시설","41290-107",NA,0,NA,0,0,1,"신대장","",0,0,0,0,0,1,"경기도 과천시 막계동 산 61-1번지",NA,NA,"",NA,"",NA,1,"일반",1,"총괄표제부",23,41290,NA,NA,1979,0,NA,5.6,1915
0,0,0,0,10400,"",NA,62,0,20180928,0,NA,0,"",0,0,NA,0,0,0,0,0,0,0,NA,2,NA,0,"Z5000","문화및집회시설","41290-19",NA,0,NA,0,0,1,"신대장","",0,0,0,0,0,1,"경기도 과천시 막계동 산 62-2번지",NA,NA,"",NA,"",NA,1,"일반",1,"총괄표제부",24,41290,NA,NA,0,0,NA,0,0
443.41,0,0,1.63,10400,"",NA,124,0,20180928,0,NA,0,"문화및집회시설",0,0,NA,0,0,0,0,0,0,0,NA,1,NA,2,"05000","문화및집회시설","41290-92",NA,0,NA,0,0,1,"신대장","",0,0,0,0,0,1,"경기도 과천시 막계동 산 124-1번지",NA,NA,"",NA,"",NA,1,"일반",1,"총괄표제부",25,41290,NA,NA,863.41,0,NA,2.66,723.41
1492.06,0,0,46.409331,10200,"",NA,15,0,20171115,0,NA,0,"",0,0,NA,0,0,0,0,0,0,0,NA,168,NA,0,NA,"","41290-100178694",10201,57,412903195018,0,0,1,"신대장","경기도 과천시 문원로 57",334,28,0,0,3215,0,"경기도 과천시 문원동 15-168번지",NA,NA,"",NA,"",NA,1,"일반",1,"총괄표제부",1,41290,NA,NA,5397.62,0,NA,124.80155,4012.37
1076.78,0,0,2.93,10200,"문원체육공원",NA,20,0,20171115,0,NA,0,"문화및집회시설, 운동시설",0,0,NA,0,0,0,0,0,0,0,NA,0,NA,4,"5000","문화및집회시설","41290-100186052",NA,0,NA,0,0,1,"신대장","",0,0,0,0,36676,0,"경기도 과천시 문원동 20번지",NA,NA,"",NA,"",NA,1,"일반",1,"총괄표제부",2,41290,NA,NA,6784.24,0,NA,3.62,1328.78
1506.59,0,0,19.883727,10200,"과천종합문화회관및경기소리전수관",NA,31,3,20180511,0,NA,0,"문화및집회시설",0,69,2,0,0,0,0,0,0,0,NA,7,NA,2,"5000","문화및집회시설","41290-100180213",NA,0,NA,0,0,1,"신대장","",0,0,0,0,7577,0,"경기도 과천시 문원동 31-7번지",NA,NA,"",NA,"",NA,1,"일반",1,"총괄표제부",3,41290,NA,NA,5829.77,0,NA,43.900224,3326.32
225.7,0,0,32.57,10200,"문천사",NA,107,1,20221125,0,NA,0,"제2종근린생활시설(사찰)",0,0,NA,0,0,0,0,0,0,0,NA,0,NA,2,"4000","제2종근린생활시설","41290-1000000000000000551148",NA,0,NA,0,0,1,"신대장","",25,2,0,0,693,0,"경기도 과천시 문원동 107번지",20210924,1102,"증축허가",3970106,"건축과",2021,1,"일반",1,"총괄표제부",4,41290,NA,20211004,327.94,2,20221122,33.61,232.93
389,0,0,53.51,10200,"플러스빌라",NA,110,0,20171115,0,NA,0,"다세대주택",0,0,NA,12,0,434.85,12,0,0,0,NA,0,NA,2,"2000","공동주택","41290-100184371",NA,0,NA,0,0,1,"신대장","",0,0,0,0,727,0,"경기도 과천시 문원동 110번지",20140722,1101,"신축허가",3970044,"건축과",2014,2,"집합",1,"총괄표제부",5,41290,NA,20150407,1510.74,12,20151208,142.13,1033.32
2118.24,0,0,42.07,10200,"소망교회/교육관",NA,115,1,20171205,0,NA,0,"교육연구시설",0,0,NA,0,0,1382,48,0,0,0,NA,354,NA,2,"10000","교육연구시설","41290-100176845",10201,50,412904385029,0,0,1,"신대장","경기도 과천시 문원청계2길 50",57.5,5,0,0,5035,0,"경기도 과천시 문원동 115-354번지",20070823,1102,"증축허가",3970044,"건축과",2007,1,"일반",1,"총괄표제부",6,41290,NA,20071025,8559.03,52,20081215,95.82,4824.52
0,0,0,0,10200,"",NA,143,0,20171115,0,NA,0,"",0,0,NA,0,0,0,0,0,0,0,NA,1,NA,0,NA,"","41290-100177045",10201,112,412903195018,0,0,1,"신대장","경기도 과천시 문원로 112",0,0,0,0,0,0,"경기도 과천시 문원동 143-1번지",NA,NA,"",NA,"",NA,2,"집합",1,"총괄표제부",7,41290,NA,NA,0,0,NA,0,0
350.21,0,0,54.72,10200,"희가 빌리지",NA,175,0,20171115,0,NA,0,"다세대주택",0,0,NA,12,0,422.01,12,0,0,0,NA,1,NA,2,"2000","공동주택","41290-100184431",NA,0,NA,0,0,1,"신대장","",0,0,0,0,640,0,"경기도 과천시 문원동 175-1번지",20150318,1101,"신축허가",3970044,"건축과",2015,2,"집합",1,"총괄표제부",8,41290,NA,20150408,1559.71,12,20151223,152.26,974.46
142.2,0,0,43.49,10200,"",NA,211,0,20140122,0,NA,0,"단독주택",1,0,NA,0,0,0,0,0,0,0,NA,0,NA,2,"1000","단독주택","41290-100182760",NA,0,NA,0,0,1,"신대장","",23,2,0,0,327,0,"경기도 과천시 문원동 211번지",20130801,5310,"개발제한구역내 건축허가",3970044,"건축과",2013,1,"일반",1,"총괄표제부",9,41290,NA,20130820,218.46,2,20140120,66.81,218.46
90,0,0,55.9,10200,"축사개축",NA,215,1,20171115,0,NA,0,"동물및식물관련시설,축사",0,0,NA,0,0,0,0,0,0,0,NA,5,NA,1,"21000","동물및식물관련시설","41290-68",10201,7,412903195031,0,0,1,"신대장","경기도 과천시 새빛로 7",0,0,0,0,161,0,"경기도 과천시 문원동 215-5번지",20021109,1103,"개축허가",3970015,"도시건축과",2002,1,"일반",1,"총괄표제부",10,41290,NA,NA,90,0,20060201,55.9,90
353.72,0,0,51.49,10200,"도요하우스",NA,320,1,20171115,0,NA,0,"도시형생활주택중 단지형 다세대",0,0,NA,10,0,120,10,0,0,0,NA,0,NA,2,"2000","공동주택","41290-100186312",NA,0,NA,0,0,1,"신대장","",0,0,0,0,687,0,"경기도 과천시 문원동 320번지",20160404,1101,"신축허가",3970044,"건축과",2016,2,"집합",1,"총괄표제부",11,41290,NA,20160418,855.2,10,20170313,124.48,855.2
464.39,0,0,55.15,10200,"문원동 326 공동주택",NA,326,0,20171205,0,NA,0,"공동주택(다세대주택)",0,0,NA,10,0,0,0,0,0,0,NA,0,NA,2,"2000","공동주택","41290-100182840",NA,0,NA,0,0,1,"신대장","",138.7,12,0,0,842,0,"경기도 과천시 문원동 326번지",20130726,1101,"신축허가",3970044,"건축과",2013,2,"집합",1,"총괄표제부",12,41290,NA,20130807,1084.57,12,20140218,128.81,1084.57
359.25,0,0,59.88,10200,"그랑씨엘",NA,329,6,20180928,0,NA,0,"도시형생활주택(단지형다세대)",0,0,NA,10,0,115.7,10,0,0,0,NA,4,NA,2,"2000","공동주택","41290-100187793",NA,0,NA,0,0,1,"신대장","",0,0,0,0,600,0,"경기도 과천시 문원동 329-4번지",20170609,1101,"신축허가",3970044,"건축과",2017,2,"집합",1,"총괄표제부",13,41290,NA,20170629,859.94,10,20180208,143.32,859.94
537.87,0,0,48.33,10200,"문원동 374-14 온실",NA,374,0,20171115,0,NA,0,"온실",0,0,NA,0,0,0,0,0,0,0,NA,14,NA,2,"21000","동물및식물관련시설","41290-100185111",NA,0,NA,0,0,1,"신대장","",34.5,3,0,0,1113,0,"경기도 과천시 문원동 374-14번지",20150925,5310,"개발제한구역내 건축허가",3970044,"건축과",2015,1,"일반",1,"총괄표제부",14,41290,NA,20151120,537.87,3,20160711,48.33,537.87
220.82,0,0,38.88,10200,"",NA,938,0,20171115,0,NA,0,"축사",0,0,NA,0,0,0,0,0,0,0,NA,4,NA,2,"21000","동물및식물관련시설","41290-100183163",NA,0,NA,0,0,1,"신대장","",11.5,1,0,0,568,0,"경기도 과천시 문원동 938-4번지",20140526,5310,"개발제한구역내 건축허가",3970044,"건축과",2014,1,"일반",1,"총괄표제부",15,41290,NA,20140610,220.82,1,20140810,38.88,220.82
420.61,0,0,39.76,10200,"",NA,945,1,20200820,0,NA,0,"동식물관련시설(축사) 및 제2종근린생활시설(사무소)",0,0,NA,0,0,0,0,0,0,0,NA,9,NA,2,"21000","동물및식물관련시설","41290-100180592",10201,62,412903195057,0,0,1,"신대장","경기도 과천시 매봉로 62",14,1,0,0,1058,0,"경기도 과천시 문원동 945-9번지",20110413,5310,"개발제한구역내 건축허가",3970044,"건축과",2011,1,"일반",1,"총괄표제부",16,41290,NA,20110421,420.61,1,20111221,39.76,420.61
272.53,0,0,59.12,10200,"",NA,950,0,20200905,0,NA,0,"단독주택(다가구주택-8가구)",8,0,NA,0,0,155,8,0,0,0,NA,3,NA,2,"1000","단독주택","41290-100191454",10201,69,412903195057,0,0,1,"신대장","경기도 과천시 매봉로 69",0,0,0,0,461,0,"경기도 과천시 문원동 950-3번지",20190910,1101,"신축허가",3970106,"건축과",2019,1,"일반",1,"총괄표제부",17,41290,NA,20190927,642.46,8,20200518,139.36,642.46
2479.96,0,0,5.2070464,10900,"관리동및화장실",NA,2,13,20190109,0,"",0,"공원부수시설",0,0,NA,0,0,0,0,0,0,0,NA,0,NA,2,"27000","관광휴게시설","41290-100187232",NA,0,NA,0,0,1,"신대장","",0,0,0,0,47627,0,"경기도 과천시 별양동 2번지",20170427,5100,"협의건축물",3970044,"건축과",2017,1,"일반",1,"총괄표제부",1,41290,NA,20170510,5781.04,0,20171019,11.232368,5349.64
5687.59,35997.97,10,21.414,10900,"래미안 센트럴스위트",NA,3,0,20181219,0,"",0,"공동주택(아파트)",0,0,NA,543,8,31028.08,801,0,0,0,NA,0,NA,10,"2000","공동주택","41290-100189075",NA,0,NA,0,0,1,"신대장","",0,5,0,0,26560.1,0,"경기도 과천시 별양동 3번지",20141223,5809,"재건축협의(주택건설사업계획승인)",3970000,"과천시",2014,2,"집합",1,"총괄표제부",2,41290,NA,20160427,93701.33,806,20180725,219.5495,58312.56
3703.95,0,0,18.843864,10900,"과천고등학교",NA,5,0,20200427,0,"",0,"교육연구시설",0,0,NA,0,0,0,0,0,0,0,NA,0,NA,8,"10000","교육연구시설","41290-108",10901,26,412904385019,0,0,1,"신대장","경기도 과천시 꿈보람길 26",356.5,31,0,0,19656,0,"경기도 과천시 별양동 5번지",NA,NA,"",NA,"",NA,1,"일반",1,"총괄표제부",3,41290,NA,NA,12443.26,31,NA,61.858669,12158.94
7773.22,0,0,12.34,10900,"",NA,6,0,20180928,0,"",0,"공동주택",0,0,NA,800,0,0,0,0,0,0,NA,0,NA,9,"2000","공동주택","41290-43",10902,111,412903195020,0,0,1,"신대장","경기도 과천시 별양로 111",0,0,0,0,0,0,"경기도 과천시 별양동 6번지",NA,NA,"",NA,"",NA,2,"집합",1,"총괄표제부",4,41290,NA,NA,110621.016,0,NA,164.59,103639.42
13.66,0,0,0.02,10900,"",NA,7,0,20180928,0,"",0,"",0,0,NA,0,0,0,0,0,0,0,NA,0,NA,2,"3000","제1종근린생활시설","41290-40",10902,85,412903195020,0,0,1,"신대장","경기도 과천시 별양로 85",0,0,0,0,0,0,"경기도 과천시 별양동 7번지",NA,NA,"",NA,"",NA,1,"일반",1,"총괄표제부",5,41290,NA,NA,13.66,0,NA,0.02,13.66
7244.16,0,0,12.06,10900,"",NA,7,0,20180928,0,"",0,"공동주택",0,0,NA,1110,0,0,0,0,0,0,NA,0,NA,11,"2000","공동주택","41290-44",10902,85,412903195020,0,0,1,"신대장","경기도 과천시 별양로 85",0,0,0,0,0,0,"경기도 과천시 별양동 7번지",NA,NA,"",NA,"",NA,2,"집합",1,"총괄표제부",6,41290,NA,NA,102333.88,0,NA,159.59,95890.42
3612.06,41.68,3,25.82,10900,"문원초등학교",NA,16,0,20230120,0,"",0,"교육연구시설(초등학교)",0,0,NA,0,0,0,0,0,0,0,NA,0,NA,2,"10000","교육연구시설","41290-100172287",10901,53,412903195050,0,0,1,"신대장","경기도 과천시 코오롱로 53",708.4,28,0,0,13988.8,0,"경기도 과천시 별양동 16번지",NA,NA,"",NA,"",NA,1,"일반",1,"총괄표제부",7,41290,NA,NA,15096.96,28,NA,96.5,13499.23
2886.951,19378.885,4,19.89,10900,"래미안 슈르",NA,17,0,20151224,0,"",0,"아파트",0,0,NA,244,0,0,387,0,0,0,NA,0,NA,7,"2000","공동주택","41290-100177725",10902,66,412903195020,11,0,1,"신대장","경기도 과천시 별양로 66-11",0,23,0,0,14512.1,0,"경기도 과천시 별양동 17번지",20041029,2101,"주택건설사업계획승인",3970039,"주택과",2004,2,"집합",1,"총괄표제부",8,41290,NA,20051122,44573.259,410,20080812,175.23,25428.985
281.48,0,0,58.61,10900,"샬롬하우스",NA,32,1,20230427,0,"",0,"공동주택(단지형다세대주택)",0,0,NA,14,0,0,0,0,0,0,NA,3,NA,2,"2000","공동주택","41290-100194434",NA,0,NA,0,0,1,"신대장","",178.5,14,0,0,480.3,0,"경기도 과천시 별양동 32-3번지",20200409,1101,"신축허가",3970106,"건축과",2020,2,"집합",1,"총괄표제부",9,41290,NA,20200529,929.36,14,20210204,193.5,929.36
287.76,0,0,59.91,10900,"아름드리 하우스",NA,32,1,20230427,0,"",0,"단지형다세대주택",0,0,NA,14,0,178.5,14,0,0,0,NA,7,NA,2,"2000","공동주택","41290-100194654",10901,15,412904385073,0,0,1,"신대장","경기도 과천시 향촌5길 15",0,0,0,0,480.3,0,"경기도 과천시 별양동 32-7번지",20201023,1101,"신축허가",3970106,"건축과",2020,2,"집합",1,"총괄표제부",10,41290,NA,20201102,893.35,14,20210428,186,893.35
2838.31,0,1,18.96,10900,"문원중학교",NA,40,0,20180928,0,"",0,"교육연구시설(중학교)",0,0,NA,0,0,0,0,0,0,0,NA,0,NA,2,"10000","교육연구시설","41290-100179581",10901,57,412903195050,0,0,1,"신대장","경기도 과천시 코오롱로 57",0,0,0,0,14966.2,0,"경기도 과천시 별양동 40번지",NA,NA,"",NA,"",NA,1,"일반",1,"총괄표제부",11,41290,NA,NA,9834.32,31,NA,64.46,9646.74
411.99,0,0,55.82,10900,"",NA,45,0,20180928,0,"",0,"제2종근린생활시설",0,0,NA,0,0,0,0,0,0,0,NA,0,NA,2,"4000","제2종근린생활시설","41290-41",10901,18,412904385074,9,0,1,"신대장","경기도 과천시 향촌6길 18-9",0,0,0,0,0,0,"경기도 과천시 별양동 45번지",NA,NA,"",NA,"",NA,1,"일반",1,"총괄표제부",12,41290,NA,NA,1437.89,0,NA,146.71,1082.85
17398.71,145980.45,12,16.49,10900,"과천자이",NA,93,0,20220721,0,"1+",94.5,"공동주택(아파트)",0,0,1,2099,67,124608.26,3387,0,0,0,NA,0,NA,28,"2000","공동주택","41290-100200914",10902,110,412903195020,0,0,1,"신대장","경기도 과천시 별양로 110",0,0,0,0,105501,0,"경기도 과천시 별양동 93번지",20150701,5809,"재건축협의(주택건설사업계획승인)",3970000,"과천시",2015,2,"집합",1,"총괄표제부",13,41290,NA,20181213,380635.28,3387,20220318,221.74,233933.16
284.05,0,0,59.75,11000,"부림파크빌",NA,34,1,20210215,0,"",0,"공동주택(단지형 다세대주택)",0,0,NA,15,0,177.5,15,0,0,0,NA,1,NA,2,"02000","공동주택","41290-100189955",NA,0,NA,0,0,1,"신대장","",0,0,0,0,475.4,0,"경기도 과천시 부림동 34-1번지",20180514,1101,"신축허가",3970079,"건축과",2018,2,"집합",1,"총괄표제부",1,41290,NA,20180530,943.66,15,20190218,198.5,943.66
287.04,0,0,59.48,11000,"예그리나",NA,37,1,20220307,69,"",0,"공동주택(단지형 다세대주택)",0,0,NA,13,0,0,0,0,0,0,NA,6,NA,2,"02000","공동주택","41290-100190091",NA,0,NA,0,0,1,"신대장","",150.2,13,0,0,482.6,0,"경기도 과천시 부림동 37-6번지",20180525,1101,"신축허가",3970079,"건축과",2018,2,"집합",1,"총괄표제부",2,41290,NA,20180704,936.3,13,20190311,194.01,936.3
19791.99,0,0,14.54,11000,"",NA,41,0,20180928,0,"",0,"공동주택",0,0,NA,2120,0,0,0,0,0,0,NA,0,NA,32,"02000","공동주택","41290-48",11003,180,412903195020,0,0,1,"신대장","경기도 과천시 별양로 180",0,0,0,0,0,0,"경기도 과천시 부림동 41번지",NA,NA,"",NA,"",NA,2,"집합",1,"총괄표제부",3,41290,NA,NA,185929.99,0,NA,128.87,175427.3
3250.98,159.3,4,21.23,11000,"관문초등학교",NA,48,0,20230309,0,"",0,"교육연구시설(초등학교)",0,0,NA,0,0,0,0,0,0,0,NA,0,NA,3,"Z8000","교육연구및복지시설","41290-47",11003,180,412903195020,1,0,1,"신대장","경기도 과천시 별양로 180-1",0,25,0,0,15313.5,0,"경기도 과천시 부림동 48번지",NA,NA,"",NA,"",NA,1,"일반",1,"총괄표제부",4,41290,NA,NA,9445.35,25,NA,61.68,9445.35
11851.57,86329.02,10,16.66,11000,"과천 센트럴파크 푸르지오 써밋",NA,96,0,20220809,0,"1+",100.8,"공동주택(아파트)",0,75,1,1317,22,79741.6,2038,0,0,0,NA,0,NA,17,"02000","공동주택","41290-100194754",11003,164,412903195020,0,0,1,"신대장","경기도 과천시 별양로 164",0,0,0,0,71136.4,0,"경기도 과천시 부림동 96번지",20150827,5809,"재건축협의(주택건설사업계획승인)",3970000,"과천시",2015,2,"집합",1,"총괄표제부",5,41290,NA,20171201,236456.09,2038,20201221,211.7,150602.72
27286.524,206159.965,11,15.5,10800,"래미안 슈르",NA,4,1,20210531,0,"",0,"아파트",0,0,NA,2899,0,0,4897,0,0,0,NA,0,NA,47,"2000","공동주택","41290-100173186",10801,46,412903195020,0,0,1,"신대장","경기도 과천시 별양로 46",0,205,0,0,176010,0,"경기도 과천시 원문동 4번지",20041029,2101,"주택건설사업계획승인",3970039,"주택과",2004,2,"집합",1,"총괄표제부",1,41290,NA,20051122,565666.266,5102,20080812,195.85,344710.973
16008.6,120890.2,19,15.91,10800,"과천 위버필드",NA,10,1,20221031,0,"1+",107,"공동주택(아파트)",0,76,1,2128,66,102567.84,3197,0,0,0,NA,0,NA,24,"2000","공동주택","41290-100196119",10801,11,412903195020,0,0,1,"신대장","경기도 과천시 별양로 11",565.55,32,0,0,100626.5,0,"경기도 과천시 원문동 10번지",20150630,5809,"재건축협의(주택건설사업계획승인)",3970000,"과천시",2015,2,"집합",1,"총괄표제부",2,41290,NA,20180220,348311.44,3229,20210128,227.74,229165.56
6602.41,0,0,19.954876,10600,"서울특별시보건환경연구원",NA,1,3,20171205,0,NA,0,"교육연구시설",0,0,NA,0,0,2264.9,66,0,0,0,NA,0,NA,3,"10000","교육연구시설","41290-100179934",10601,30,412904385091,0,0,1,"신대장","경기도 과천시 장군마을3길 30",600.5,50,0,0,33086.7,0,"경기도 과천시 주암동 1번지",NA,NA,"",NA,"",NA,1,"일반",1,"총괄표제부",1,41290,NA,NA,25454.38,116,NA,59.996433,19850.84
370.36,0,0,44.2,10600,"주암동20-5다세대주택",NA,20,1,20171115,0,NA,0,"다세대주택",0,0,NA,10,0,0,0,0,0,0,NA,5,NA,2,"2000","공동주택","41290-100185495",NA,0,NA,0,0,1,"신대장","",253,10,0,0,838,0,"경기도 과천시 주암동 20-5번지",20160118,1101,"신축허가",3970044,"건축과",2016,2,"집합",1,"총괄표제부",2,41290,NA,20160222,945.09,10,20160928,112.78,945.09
492.52,0,0,47.18,10600,"주암동 21-1 온실,종묘장",NA,21,1,20171115,0,NA,0,"온실,종묘배양장",0,0,NA,0,0,0,0,0,0,0,NA,1,NA,2,"21000","동물및식물관련시설","41290-100185192",NA,0,NA,0,0,1,"신대장","",23,2,0,0,1044,0,"경기도 과천시 주암동 21-1번지",20150506,5310,"개발제한구역내 건축허가",3970044,"건축과",2015,1,"일반",1,"총괄표제부",3,41290,NA,20160223,492.52,2,20160812,47.18,492.52
1059.7,0,0,54.85,10600,"주암동 43 창고시설 (과천농업협동조합)",NA,43,0,20171115,0,NA,0,"(주민공동이용시설)",0,0,NA,0,0,0,0,0,0,0,NA,0,NA,2,"18000","창고시설","41290-100178952",10601,14,412904385061,0,0,1,"신대장","경기도 과천시 은행나무1길 14",69,6,0,0,1932,0,"경기도 과천시 주암동 43번지",20081010,5310,"개발제한구역내 건축허가",3970044,"건축과",2008,1,"일반",1,"총괄표제부",4,41290,NA,20090508,946,6,20100712,48.96,946
197.7,0,0,48.81,10600,"",NA,62,0,20230619,0,NA,0,"공동주택",0,0,NA,12,0,0,0,0,0,0,NA,2,NA,2,"2000","공동주택","41290-101",10601,12,412904385089,0,0,1,"신대장","경기도 과천시 장군마을1길 12",0,0,0,0,0,0,"경기도 과천시 주암동 62-2번지",NA,NA,"",NA,"",NA,2,"집합",1,"총괄표제부",5,41290,NA,NA,786.64,0,NA,144.84,586.62
423.49,0,0,47.84,10600,"",NA,70,0,20180928,0,NA,0,"공동주택",0,0,NA,6,0,0,0,0,0,0,NA,17,NA,2,"2000","공동주택","41290-95",NA,0,NA,0,0,1,"신대장","",0,0,0,0,0,0,"경기도 과천시 주암동 70-17번지",NA,NA,"",NA,"",NA,2,"집합",1,"총괄표제부",6,41290,NA,NA,1588.22,0,NA,142.13,1258.31
2736.28,0,0,2.9,10600,"",NA,110,4,20180928,0,NA,0,"위험물저장 및 처리시설",0,0,NA,0,0,0,0,0,0,0,NA,1,NA,2,"18000","창고시설","41290-29",10601,48,412903195045,0,0,0,"구대장","경기도 과천시 죽바위로 48",0,0,0,0,94356,0,"경기도 과천시 주암동 110-1번지",NA,NA,"",NA,"",NA,1,"일반",1,"총괄표제부",7,41290,NA,NA,3181.41,0,NA,3.29,3102.81
456.2,0,0,46.127401,10600,"김명옥-제1,2종근린생활시설(소매점,사무소)및 단독주택",NA,124,0,20171115,0,NA,0,"제1,2종근린생활시설(소매점,사무소)및 단독주택",0,0,NA,0,0,70.8,4,0,0,0,NA,0,NA,2,"3000","제1종근린생활시설","41290-100180718",NA,0,NA,0,0,1,"신대장","",115,10,0,0,989,0,"경기도 과천시 주암동 124번지",NA,NA,"",NA,"",NA,1,"일반",1,"총괄표제부",8,41290,NA,NA,993.43,14,NA,93289180,92263
453.82,0,0,59.87,10600,"주암동 176-2 제2종근린생활시설 (전영희)",NA,176,0,20090512,0,NA,0,"사무소,수리점",0,0,NA,0,0,92,8,0,0,0,NA,2,NA,2,"4000","제2종근린생활시설","41290-100177025",NA,0,NA,0,0,1,"신대장","",23,2,0,0,758,0,"경기도 과천시 주암동 176-2번지",20081119,1101,"신축허가",3970044,"건축과",2008,1,"일반",1,"총괄표제부",9,41290,NA,20081124,611.82,10,20090317,80.72,611.82
441.93,0,0,58.77,10600,"주암동근생및주택",NA,179,1,20171115,0,NA,0,"제2종근린생활시설/주택",1,0,NA,0,0,330.48,16,0,0,0,NA,23,NA,2,"3000","제1종근린생활시설","41290-100177625",10601,86,412903195049,0,0,1,"신대장","경기도 과천시 추사로 86",0,0,0,0,752,0,"경기도 과천시 주암동 179-23번지",20001130,1101,"신축허가",3970015,"도시건축과",2000,1,"일반",1,"총괄표제부",10,41290,NA,20021029,1369.78,16,20090625,138.2,1039.3
756.59,0,0,17.599209,10600,"추사박물관",NA,184,3,20171115,0,NA,0,"문화및집회시설",0,0,NA,0,0,0,0,0,0,0,NA,2,NA,2,"5000","문화및집회시설","41290-100182219",NA,0,NA,0,0,1,"신대장","",706.67,33,0,0,4299,0,"경기도 과천시 주암동 184-2번지",20101213,5200,"공용건축물",3970044,"건축과",2010,1,"일반",1,"총괄표제부",11,41290,NA,20110613,3019.94,33,20130531,27.808094,1195.47
481.46,0,0,50.26,10600,"주암동 186-2 온실",NA,186,0,20181214,0,NA,0,"온실",0,0,NA,0,0,0,0,0,0,0,NA,2,NA,2,"21000","동물및식물관련시설","41290-100185051",NA,0,NA,0,0,1,"신대장","",23,2,0,0,958,0,"경기도 과천시 주암동 186-2번지",20151020,5310,"개발제한구역내 건축허가",3970044,"건축과",2015,1,"일반",1,"총괄표제부",12,41290,NA,20160125,481.46,2,20160624,50.26,481.46
720.88,0,0,50.34,10600,"",NA,259,0,20200820,0,NA,0,"동식물관련시설(종묘배양장, 온실)",0,0,NA,0,0,0,0,0,0,0,NA,0,NA,2,"21000","동물및식물관련시설","41290-100191714",10601,68,412903195049,2,0,1,"신대장","경기도 과천시 추사로 68-2",46,4,0,0,1432,0,"경기도 과천시 주암동 259번지",20160804,5310,"개발제한구역내 건축허가",3970044,"건축과",2016,1,"일반",1,"총괄표제부",13,41290,NA,20180803,720.88,4,20200810,50.34,720.88
567.16,0,0,53.61,10600,"대신원예",NA,259,0,20200512,0,NA,0,"종묘배양시설",0,0,NA,0,0,0,0,0,0,0,NA,3,NA,2,"21000","동물및식물관련시설","41290-100190316",NA,0,NA,0,0,1,"신대장","",46,4,0,0,1058,0,"경기도 과천시 주암동 259-3번지",20170731,5310,"개발제한구역내 건축허가",3970044,"건축과",2017,1,"일반",1,"총괄표제부",14,41290,NA,20180528,899.32,4,20190521,85,899.32
7419.8,0,0,20.431777,10600,"주암동 282 교정및군사시설",NA,282,1,20171115,0,NA,0,"교정및군사시설",0,0,NA,0,0,0,0,0,0,0,NA,0,NA,10,"23000","교정및군사시설","41290-100185482",NA,0,NA,0,0,1,"신대장","",0,0,0,0,36315,0,"경기도 과천시 주암동 282번지",NA,NA,"",NA,"",NA,1,"일반",1,"총괄표제부",15,41290,NA,NA,30206,241,NA,56.358612,20466.63
16072.61,0,0,11.0939,10600,"",NA,297,131,20171115,0,NA,0,"교회, 성당, 법당, 요사체",0,0,NA,0,0,0,0,0,0,0,NA,0,NA,7,"23000","교정및군사시설","41290-100185975",NA,0,NA,0,0,1,"신대장","",0,662,0,0,144878,0,"경기도 과천시 주암동 297번지",20150130,5310,"개발제한구역내 건축허가",3970044,"건축과",2015,1,"일반",1,"총괄표제부",16,41290,NA,20150506,59258.42,662,20161212,30.0749,43571.92
340.95,208.95,1,49.63,10600,"",NA,418,2,20171115,0,NA,0,"제2종근린생활시설(사무소)",0,0,NA,0,0,0,0,0,0,0,NA,0,NA,2,"4000","제2종근린생활시설","41290-83",10601,17,412903195028,0,0,1,"신대장","경기도 과천시 삼부골로 17",69,6,0,0,687,0,"경기도 과천시 주암동 418번지",20070330,1102,"증축허가",3970000,"과천시",2007,1,"일반",1,"총괄표제부",17,41290,NA,20070724,340.95,6,20071012,49.63,340.95
235.51,0,0,43.78,10600,"주암",NA,434,0,20181204,0,NA,0,"제2종근린생활시설(사무소)",0,0,NA,0,0,0,0,0,0,0,NA,7,NA,3,"4000","제2종근린생활시설","41290-100172185",10601,16,412903195027,0,0,1,"신대장","경기도 과천시 삼부골3로 16",60,4,0,0,538,0,"경기도 과천시 주암동 434-7번지",20070828,1101,"신축허가",3970044,"건축과",2007,1,"일반",1,"총괄표제부",18,41290,NA,20071001,235.51,4,20080411,43.78,235.51
227.32,0,0,56.69,10600,"블루밍하우스",NA,436,0,20180713,0,NA,0,"단독주택(다가구주택)",8,0,NA,0,0,192.05,7,0,0,0,NA,7,NA,2,"1000","단독주택","41290-100188393",NA,0,NA,0,0,1,"신대장","",11.5,1,0,0,401,0,"경기도 과천시 주암동 436-7번지",20170824,1101,"신축허가",3970044,"건축과",2017,1,"일반",1,"총괄표제부",19,41290,NA,20170921,592.01,8,20180710,147.63,592.01
175.77,0,0,45.54,10600,"주암동 근린생활시설",NA,443,1,20210324,0,NA,0,"사무소",0,0,NA,0,0,73.77,3,0,0,0,NA,4,NA,2,"4000","제2종근린생활시설","41290-100178273",10601,14,412903195026,0,0,1,"신대장","경기도 과천시 삼부골2로 14",34.5,3,0,0,386,0,"경기도 과천시 주암동 443-4번지",20090508,1102,"증축허가",3970044,"건축과",2009,1,"일반",1,"총괄표제부",20,41290,NA,20090603,409.43,6,20091207,83.03,320.49
387.78,0,0,53.05,10600,"주암동 446-3",NA,446,1,20150730,0,NA,0,"근린생활시설,단독주택",0,0,NA,0,0,126.5,11,0,0,0,NA,3,NA,2,"1000","단독주택","41290-100182020",NA,0,NA,0,0,0,"구대장","",46.5,4,0,0,731,0,"경기도 과천시 주암동 446-3번지",NA,NA,"",NA,"",NA,1,"일반",1,"총괄표제부",21,41290,NA,NA,1420.35,15,NA,139.72,1021.38
420.16,0,0,39.83,10600,"",NA,452,0,20220412,0,NA,0,"사무소",0,0,NA,0,0,0,0,0,0,0,NA,0,NA,5,"4000","제2종근린생활시설","41290-100171705",10601,49,412903195028,0,0,1,"신대장","경기도 과천시 삼부골로 49",105,7,0,0,1055,0,"경기도 과천시 주암동 452번지",20070827,1101,"신축허가",3970044,"건축과",2007,1,"일반",1,"총괄표제부",22,41290,NA,20070906,420.16,7,20071221,39.83,420.16
976.06,0,0,46.390684,10600,"",NA,556,0,20171115,0,NA,0,"",0,0,NA,0,0,0,0,0,0,0,NA,2,NA,0,NA,"","41290-100177945",10602,100,412903195019,0,0,1,"신대장","경기도 과천시 물사랑로 100",57.5,5,0,0,2104,0,"경기도 과천시 주암동 556-2번지",NA,NA,"",NA,"",NA,1,"일반",1,"총괄표제부",23,41290,NA,NA,996,0,NA,47.338403,996
6264.18,0,0,0.55,10600,"마필대피소외",NA,685,0,20230308,0,NA,0,"문화및집회시설(경마장)",0,0,2,0,0,0,0,0,0,0,NA,0,NA,68,"5000","문화및집회시설","41290-66",10602,107,412902195001,0,0,1,"신대장","경기도 과천시 경마공원대로 107",0,0,0,0,1149936.7,0,"경기도 과천시 주암동 685번지",NA,NA,"",NA,"",NA,1,"일반",1,"총괄표제부",24,41290,NA,NA,6618.66,0,NA,0.54,6178.76
243.96,0,0,0.02,10600,"휴게음식점A",NA,685,0,20171115,0,NA,0,"경마장",0,0,NA,0,0,0,0,0,0,0,NA,2,NA,9,"5000","문화및집회시설","41290-63",10602,107,412902195001,0,0,1,"신대장","경기도 과천시 경마공원대로 107",40330.5,3507,0,0,1042967.3,0,"경기도 과천시 주암동 685-2번지",NA,NA,"",NA,"",NA,1,"일반",1,"총괄표제부",25,41290,NA,NA,362,3507,NA,0.02,202
12834.67,0,0,1.12,10600,"신관람대외",NA,685,0,20180928,0,NA,0,"문화및집회시설(경마장)",0,0,NA,0,0,0,0,0,0,0,NA,3,NA,2,"5000","문화및집회시설","41290-120",10602,107,412902195001,0,0,1,"신대장","경기도 과천시 경마공원대로 107",0,0,0,0,1149936.7,0,"경기도 과천시 주암동 685-3번지",NA,NA,"",NA,"",NA,1,"일반",1,"총괄표제부",26,41290,NA,NA,71011.67,0,NA,5.27,60580.34
549.86,0,0,0.05,10600,"한국마사회",NA,685,0,20180928,0,NA,0,"문화및집회시설(경마장)",0,0,NA,0,0,0,0,0,0,0,NA,7,NA,2,"5000","문화및집회시설","41290-65",10602,107,412902195001,0,0,1,"신대장","경기도 과천시 경마공원대로 107",0,0,0,0,1149936.7,0,"경기도 과천시 주암동 685-7번지",NA,NA,"",NA,"",NA,1,"일반",1,"총괄표제부",27,41290,NA,NA,549.86,0,NA,0.05,549.86
1275.66,0,0,0.11,10600,"관리사숙소외",NA,685,0,20180928,0,NA,0,"문화및집회시설(경마장)",0,0,NA,0,0,0,0,0,0,0,NA,9,NA,3,"5000","문화및집회시설","41290-126",10602,107,412902195001,0,0,1,"신대장","경기도 과천시 경마공원대로 107",0,0,0,0,1149936.7,0,"경기도 과천시 주암동 685-9번지",NA,NA,"",NA,"",NA,1,"일반",1,"총괄표제부",28,41290,NA,NA,3595.08,0,NA,0.29,3295.08
103580.58,0,0,9.93,10600,"KRA한국마사회 과천경마장 (문화및집회시설)",NA,685,53,20171115,0,NA,0,"경마장",0,0,NA,0,0,0,0,0,0,0,NA,10,NA,30,"5000","문화및집회시설","41290-127",NA,0,NA,0,0,1,"신대장","",43861,3814,0,0,1042967.3,0,"경기도 과천시 주암동 685-10번지",NA,NA,"",NA,"",NA,1,"일반",1,"총괄표제부",29,41290,NA,NA,205583.14,3814,NA,17.5,182548.81
2725.73,0,0,0.24,10600,"마필보건소외",NA,685,0,20171115,0,NA,0,"문화및집회시설",0,0,NA,0,0,0,0,0,0,0,NA,12,NA,4,"5000","문화및집회시설","41290-129",10602,107,412902195001,0,0,1,"신대장","경기도 과천시 경마공원대로 107",0,0,0,0,1149936.7,0,"경기도 과천시 주암동 685-12번지",NA,NA,"",NA,"",NA,1,"일반",1,"총괄표제부",30,41290,NA,NA,4902.01,0,NA,0.38,4393.26
2260.71,0,0,0.1965942,10600,"중계탑C외",NA,685,0,20171205,0,NA,0,"문화및집회시설(경마장)",0,0,NA,0,0,0,0,0,0,0,NA,13,NA,5,"5000","문화및집회시설","41290-130",10602,107,412902195001,0,0,1,"신대장","경기도 과천시 경마공원대로 107",0,0,0,0,1149936.7,0,"경기도 과천시 주암동 685-13번지",NA,NA,"",NA,"",NA,1,"일반",1,"총괄표제부",31,41290,NA,NA,3024.69,0,NA,0.2336693,2687.05
1004.31,0,0,0.0962935,10600,"삼포마풀장외 2",NA,685,0,20171115,0,NA,0,"",0,0,NA,0,0,0,0,0,0,0,NA,16,NA,3,NA,"","41290-100181839",NA,0,NA,0,0,1,"신대장","",0,0,0,0,1042967.3,0,"경기도 과천시 주암동 685-16번지",NA,NA,"",NA,"",NA,1,"일반",1,"총괄표제부",32,41290,NA,NA,1004.31,0,NA,0.0962935,1004.31
530.77,0,0,0.05,10600,"삼포식당외",NA,685,0,20180928,0,NA,0,"문화및집회시설(경마장)",0,0,NA,0,0,0,0,0,0,0,NA,17,NA,2,"5000","문화및집회시설","41290-52",10602,107,412902195001,0,0,1,"신대장","경기도 과천시 경마공원대로 107",0,0,0,0,1149936.7,0,"경기도 과천시 주암동 685-17번지",NA,NA,"",NA,"",NA,1,"일반",1,"총괄표제부",33,41290,NA,NA,419.97,0,NA,0.04,419.97
16119.74,0,0,1.4,10600,"삼포마사외",NA,685,0,20171115,0,NA,0,"문화및집회시설(경마장)",0,0,NA,0,0,0,0,0,0,0,NA,18,NA,17,"5000","문화및집회시설","41290-30",10602,107,412902195001,0,0,1,"신대장","경기도 과천시 경마공원대로 107",0,0,0,0,1149936.7,0,"경기도 과천시 주암동 685-18번지",NA,NA,"",NA,"",NA,1,"일반",1,"총괄표제부",34,41290,NA,NA,14838.59,0,NA,1.28,14760.29
2803.8,0,0,0.24,10600,"사료창고A외",NA,685,0,20171115,0,NA,0,"문화및집회시설(경마장)",0,0,NA,0,0,0,0,0,0,0,NA,19,NA,4,"5000","문화및집회시설","41290-132",10602,107,412902195001,0,0,1,"신대장","경기도 과천시 경마공원대로 107",0,0,0,0,1149936.7,0,"경기도 과천시 주암동 685-19번지",NA,NA,"",NA,"",NA,1,"일반",1,"총괄표제부",35,41290,NA,NA,2893.8,0,NA,0.24,2803.8
1452.49,0,0,0.13,10600,"관리원대기실 및 발주기창고 외",NA,685,0,20180928,0,NA,0,"문화및집회시설(경마장)",0,0,NA,0,0,0,0,0,0,0,NA,35,NA,3,"5000","문화및집회시설","41290-53",10602,107,412902195001,0,0,1,"신대장","경기도 과천시 경마공원대로 107",0,0,0,0,1149936.7,0,"경기도 과천시 주암동 685-35번지",NA,NA,"",NA,"",NA,1,"일반",1,"총괄표제부",36,41290,NA,NA,1490.99,0,NA,0.12,1436.99
2075.3,0,0,0.18,10600,"겅비초소B외",NA,685,0,20180928,0,NA,0,"문화및집회시설(경마장)",0,0,NA,0,0,0,0,0,0,0,NA,38,NA,4,"5000","문화및집회시설","41290-54",10602,107,412902195001,0,0,1,"신대장","경기도 과천시 경마공원대로 107",0,0,0,0,1149936.7,0,"경기도 과천시 주암동 685-38번지",NA,NA,"",NA,"",NA,1,"일반",1,"총괄표제부",37,41290,NA,NA,5600.61,0,NA,0.32,3628.58
164.85,0,0,0.01,10600,"경비초소B외",NA,685,0,20171115,0,NA,0,"문화및집회시설(경마장)",0,0,NA,0,0,0,0,0,0,0,NA,40,NA,4,"5000","문화및집회시설","41290-55",10602,107,412902195001,0,0,1,"신대장","경기도 과천시 경마공원대로 107",0,0,0,0,1149936.7,0,"경기도 과천시 주암동 685-40번지",NA,NA,"",NA,"",NA,1,"일반",1,"총괄표제부",38,41290,NA,NA,164.85,0,NA,0.01,164.85
2107.08,0,0,0.1832344,10600,"온실외",NA,685,0,20171115,0,NA,0,"문화및집회시설(경마장)",0,0,NA,0,0,0,0,0,0,0,NA,42,NA,13,"5000","문화및집회시설","41290-56",10602,107,412902195001,0,0,1,"신대장","경기도 과천시 경마공원대로 107",0,0,0,0,1149936.7,0,"경기도 과천시 주암동 685-42번지",NA,NA,"",NA,"",NA,1,"일반",1,"총괄표제부",39,41290,NA,NA,2107.08,0,NA,0.1832344,2107.08
90.1,0,0,0.01,10600,"청소도구보관소외",NA,685,0,20171115,0,NA,0,"문화및집회시설(경마장)",0,0,NA,0,0,0,0,0,0,0,NA,43,NA,2,"5000","문화및집회시설","41290-57",10602,107,412902195001,0,0,1,"신대장","경기도 과천시 경마공원대로 107",0,0,0,0,1149936.7,0,"경기도 과천시 주암동 685-43번지",NA,NA,"",NA,"",NA,1,"일반",1,"총괄표제부",40,41290,NA,NA,90.1,0,NA,0.01,90.1
1293.91,0,0,0.11,10600,"차고1외",NA,685,0,20220720,0,NA,0,"문화및집회시설",0,0,NA,0,0,0,0,0,0,0,NA,49,NA,5,"5000","문화및집회시설","41290-31",10602,30,412903195011,0,0,1,"신대장","경기도 과천시 궁말로 30",0,0,0,0,1149936.7,0,"경기도 과천시 주암동 685-49번지",NA,NA,"",NA,"",NA,1,"일반",1,"총괄표제부",41,41290,NA,NA,1372.86,0,NA,0.11,1282.71
2380.37,0,0,0.21,10600,"경비초소B외",NA,685,0,20180928,0,NA,0,"문화및집회시설(경마장)",0,0,NA,0,0,0,0,0,0,0,NA,50,NA,10,"5000","문화및집회시설","41290-58",10602,107,412902195001,0,0,1,"신대장","경기도 과천시 경마공원대로 107",0,0,0,0,1149936.7,0,"경기도 과천시 주암동 685-50번지",NA,NA,"",NA,"",NA,1,"일반",1,"총괄표제부",42,41290,NA,NA,3267.24,0,NA,0.28,3168.24
6365.61,0,0,0.55,10600,"한국마사회",NA,685,0,20171115,0,NA,0,"문화및집회시설(경마장)",0,0,NA,0,0,0,0,0,0,0,NA,51,NA,7,"5000","문화및집회시설","41290-60",10602,107,412902195001,0,0,1,"신대장","경기도 과천시 경마공원대로 107",0,0,0,0,1149936.7,0,"경기도 과천시 주암동 685-51번지",NA,NA,"",NA,"",NA,1,"일반",1,"총괄표제부",43,41290,NA,NA,5817.57,0,NA,0.51,5817.57
3288.7,0,0,0.29,10600,"한국마사회",NA,685,0,20171115,0,NA,0,"문화및집회시설(경마장)",0,0,NA,0,0,0,0,0,0,0,NA,53,NA,7,"5000","문화및집회시설","41290-94",10602,107,412902195001,0,0,1,"신대장","경기도 과천시 경마공원대로 107",0,0,0,0,1149936.7,0,"경기도 과천시 주암동 685-53번지",NA,NA,"",NA,"",NA,1,"일반",1,"총괄표제부",44,41290,NA,NA,2954.94,0,NA,0.26,2954.94
146.48,0,0,0.01,10600,"한국마사회",NA,685,0,20171115,0,NA,0,"문화및집회시설(경마장)",0,0,NA,0,0,0,0,0,0,0,NA,55,NA,2,"5000","문화및집회시설","41290-59",10602,107,412902195001,0,0,1,"신대장","경기도 과천시 경마공원대로 107",0,0,0,0,1149936.7,0,"경기도 과천시 주암동 685-55번지",NA,NA,"",NA,"",NA,1,"일반",1,"총괄표제부",45,41290,NA,NA,146.48,0,NA,0.01,146.48
48.74,0,0,0,10600,"한국마사회",NA,685,0,20180928,0,NA,0,"문화및집회시설(경마장)",0,0,NA,0,0,0,0,0,0,0,NA,57,NA,2,"5000","문화및집회시설","41290-61",10602,107,412902195001,0,0,1,"신대장","경기도 과천시 경마공원대로 107",0,0,0,0,1149936.7,0,"경기도 과천시 주암동 685-57번지",NA,NA,"",NA,"",NA,1,"일반",1,"총괄표제부",46,41290,NA,NA,157.15,0,NA,0.01,157.15
1088.89,0,0,0,10600,"한국마사회",NA,685,0,20171115,0,NA,0,"문화및 집회시설(경마장)",0,0,NA,0,0,0,0,0,0,0,NA,58,NA,2,"5000","문화및집회시설","41290-100180258",NA,0,NA,0,0,1,"신대장","",0,0,0,0,0,0,"경기도 과천시 주암동 685-58번지",NA,NA,"",NA,"",NA,1,"일반",1,"총괄표제부",47,41290,NA,NA,2645.19,0,NA,0,2630.37
5402.78,0,0,14.11,10700,"청사",NA,1,0,20180928,0,NA,0,"청사",0,0,NA,0,0,0,0,0,0,0,NA,1,NA,1,"14000","업무시설","41290-33",10701,47,412903195003,0,0,0,"구대장","경기도 과천시 관문로 47",0,0,0,0,0,0,"경기도 과천시 중앙동 1-1번지",NA,NA,"",NA,"",NA,1,"일반",1,"총괄표제부",1,41290,NA,NA,44542.26,0,NA,98.13,37579.48
5202.05,0,0,12.721903,10700,"",NA,1,0,20171115,0,NA,0,"",0,0,NA,0,0,0,0,0,0,0,NA,2,NA,0,NA,"","41290-100177934",10701,47,412903195003,0,0,1,"신대장","경기도 과천시 관문로 47",7260,262,0,0,40890.5,0,"경기도 과천시 중앙동 1-2번지",19910205,NA,"",NA,"",NA,1,"일반",1,"총괄표제부",2,41290,NA,19910205,28109.13,0,20031227,57.51847,23519.59
6759.64,0,0,24.32,10700,"",NA,1,2,20220711,0,NA,0,"공공청사",0,0,NA,0,0,0,0,0,0,0,NA,3,NA,9,"14000","업무시설","41290-100179972",NA,0,NA,0,0,1,"신대장","",6092,304,0,0,27785.5,0,"경기도 과천시 중앙동 1-3번지",NA,NA,"",NA,"",NA,1,"일반",1,"총괄표제부",3,41290,NA,NA,19208.57,262,NA,55.81,15508.15
12358.72,0,0,22.74,10700,"청사",NA,2,0,20230320,0,NA,0,"실험실, 기계실, 사무실, 수위실, 시험연구, 폐수처리장",0,0,NA,0,0,0,0,0,0,0,NA,0,NA,11,"14000","업무시설","41290-122",10702,98,412903195009,0,0,1,"신대장","경기도 과천시 교육원로 98",0,267,0,0,54341.6,0,"경기도 과천시 중앙동 2번지",NA,NA,"",NA,"",NA,1,"일반",1,"총괄표제부",4,41290,NA,NA,34699.1,267,NA,56.42,30661.68
7948.66,0,0,8.16,10700,"중앙공무원교육원",NA,2,0,20180928,0,NA,0,"교육연구시설",0,0,NA,0,0,0,0,0,0,0,NA,1,NA,10,"14000","업무시설","41290-64",10702,118,412903195009,0,0,1,"신대장","경기도 과천시 교육원로 118",1916,164,0,0,97380.3,0,"경기도 과천시 중앙동 2-1번지",NA,NA,"",NA,"",NA,1,"일반",1,"총괄표제부",5,41290,NA,NA,21272.81,164,NA,17.73,17261.73
1876.23,0,0,26.68,10700,"",NA,2,0,20180928,0,NA,0,"교육연구및복지시설",0,0,NA,0,0,172.5,15,0,0,0,NA,4,NA,3,"11000","노유자시설","41290-102",10701,38,412903195054,0,0,1,"신대장","경기도 과천시 홍촌말로 38",0,0,0,0,7033,0,"경기도 과천시 중앙동 2-4번지",NA,NA,"",NA,"",NA,1,"일반",1,"총괄표제부",6,41290,NA,NA,3278.502,15,NA,38.76,2726.02
3270.56,0,0,22.37,10700,"과천여고.과천외국어고등학교",NA,11,1,20230215,0,NA,0,"교육연구시설",0,0,NA,0,0,0,0,0,0,0,NA,0,NA,3,"10000","교육연구시설","41290-34",10701,36,412904385080,0,0,0,"구대장","경기도 과천시 희망길 36",667,58,0,0,14619.8,0,"경기도 과천시 중앙동 11번지",NA,NA,"",NA,"",NA,1,"일반",1,"총괄표제부",7,41290,NA,NA,16974.88,58,NA,100.88,14748.68
3263.06,2282.77,2,18.37,10700,"과천중학교",NA,12,0,20171205,0,NA,0,"교육연구시설(중학교)",0,0,NA,0,0,0,0,0,0,0,NA,0,NA,2,"10000","교육연구시설","41290-100179912",10701,33,412904385079,0,0,1,"신대장","경기도 과천시 희망4길 33",356.5,39,0,0,17759.2,0,"경기도 과천시 중앙동 12번지",NA,NA,"",NA,"",NA,1,"일반",1,"총괄표제부",8,41290,NA,NA,10774.83,39,NA,60.67,10774.83
5887.96,31330.22,1,62.09,10700,"힐스테이트 과천 중앙",NA,38,0,20230125,65,NA,0,"업무시설(사무소,오피스텔),근린생활시설",0,0,NA,0,962,29778.55,817,0,0,0,NA,0,NA,4,"14000","업무시설","41290-1000000000000000428780",10701,92,412903195003,0,0,1,"신대장","경기도 과천시 관문로 92",0,0,0,0,9483,0,"경기도 과천시 중앙동 38번지",20190425,1101,"신축허가",3970079,"건축과",2019,2,"집합",1,"총괄표제부",9,41290,NA,20190628,113529.58,817,20221104,825.05,78239.02
3662.55,0,0,17.28,10700,"",NA,65,0,20180928,0,NA,0,"공동주택",0,0,NA,150,0,0,0,0,0,0,NA,0,NA,6,"2000","공동주택","41290-98",10701,166,412903195003,0,0,1,"신대장","경기도 과천시 관문로 166",0,0,0,0,0,0,"경기도 과천시 중앙동 65번지",NA,NA,"",NA,"",NA,2,"집합",1,"총괄표제부",10,41290,NA,NA,18312.75,0,NA,86.41,18312.75
9280.35,0,0,21.24,10700,"",NA,67,0,20191224,0,NA,0,"공동주택",0,0,NA,350,0,0,0,0,0,0,NA,0,NA,14,"2000","공동주택","41290-110",10701,166,412903195003,0,0,1,"신대장","경기도 과천시 관문로 166",0,0,0,0,0,0,"경기도 과천시 중앙동 67번지",NA,NA,"",NA,"",NA,2,"집합",1,"총괄표제부",11,41290,NA,NA,45163.35,0,NA,100.42,43874.55
7342.559,30062.715,9,17.31,10700,"래미안 에코팰리스",NA,71,1,20171115,0,NA,0,"아파트,제1.2종근린생활시설",0,0,NA,659,0,28776.776,825,0,0,0,NA,0,NA,15,"2000","공동주택","41290-80",10701,143,412903195003,0,0,1,"신대장","경기도 과천시 관문로 143",0,49,0,0,42413,0,"경기도 과천시 중앙동 71번지",20040618,2101,"주택건설사업계획승인",3970039,"주택과",2004,2,"집합",1,"총괄표제부",12,41290,NA,20050623,103015.262,874,20070426,171.67,72810.445
3777.01,43.2,1,25.21,10700,"과천초등학교 교사동",NA,75,1,20211013,0,NA,0,"초등학교",0,0,NA,0,0,0,0,0,0,0,NA,0,NA,2,"10000","교육연구시설","41290-100184491",NA,0,NA,0,0,1,"신대장","",0,0,0,0,14982.1,0,"경기도 과천시 중앙동 75번지",NA,NA,"",NA,"",NA,1,"일반",1,"총괄표제부",13,41290,NA,NA,10080.05,49,NA,67.28,10080.05
3944.61,0,0,22.27,10700,"",NA,76,0,20180928,0,NA,0,"공동주택",0,0,NA,106,0,0,0,0,0,0,NA,0,NA,8,"2000","공동주택","41290-39",10701,6,412903195041,0,0,1,"신대장","경기도 과천시 온온사로 6",0,0,0,0,0,0,"경기도 과천시 중앙동 76번지",NA,NA,"",NA,"",NA,2,"집합",1,"총괄표제부",14,41290,NA,NA,9649.47,0,NA,54.47,9649.47
344.63,0,0,6.44,10700,"",NA,81,0,20180928,0,NA,0,"문화및집회시설",0,0,NA,0,0,0,0,0,0,0,NA,0,NA,2,"5000","문화및집회시설","41290-111",10702,18,412904385088,0,0,1,"신대장","경기도 과천시 자하동길 18",0,0,0,0,0,0,"경기도 과천시 중앙동 81번지",NA,NA,"",NA,"",NA,1,"일반",1,"총괄표제부",15,41290,NA,NA,508.86,0,NA,9.35,499.87
1843.07,0,0,20.17,10700,"구세군사관학교",NA,83,1,20171115,0,NA,0,"교육연구시설",0,0,NA,0,0,0,0,0,0,0,NA,2,NA,4,"10000","교육연구시설","41290-84",10702,216,412904385013,0,0,1,"신대장","경기도 과천시 관악산길 216",0,35,0,0,9139,0,"경기도 과천시 중앙동 83-2번지",20070208,1102,"증축허가",3970000,"과천시",2007,1,"일반",1,"총괄표제부",16,41290,NA,NA,5931.92,35,20071029,56.4,5154.32
793.47,0,0,6.92,10700,"",NA,85,0,20230721,0,NA,0,"종교시설",0,0,NA,0,0,0,0,0,0,0,NA,1,NA,3,"6000","종교시설","41290-35",10702,63,412904385088,0,0,1,"신대장","경기도 과천시 자하동길 63",0,0,0,0,11464,0,"경기도 과천시 중앙동 85-1번지",19800707,NA,"",NA,"",NA,1,"일반",1,"총괄표제부",17,41290,NA,NA,921.26,0,19810526,7.96,912.27
294.95,0,0,41.19,10700,"승방,누각,공양간,전각",NA,85,0,20230427,0,NA,0,"종교시설(사찰)",0,0,NA,0,0,0,0,0,0,0,NA,6,NA,4,"6000","종교시설","41290-100190276",NA,0,NA,0,0,1,"신대장","",0,0,0,0,716,0,"경기도 과천시 중앙동 85-6번지",20161004,5310,"개발제한구역내 건축허가",3970044,"건축과",2016,1,"일반",1,"총괄표제부",18,41290,NA,20161230,333.5,0,20190502,46.58,333.5
18508.3343,132499.8671,27,19.25,10700,"과천 푸르지오 써밋",NA,101,3,20220701,0,"1",124.9,"공동주택(아파트)",0,0,1,1571,0,108019.5395,2771,0,0,0,NA,0,NA,32,"2000","공동주택","41290-100192054",10701,106,412903195003,0,0,1,"신대장","경기도 과천시 관문로 106",0,0,0,0,96128.2,0,"경기도 과천시 중앙동 101번지",20150617,5809,"재건축협의(주택건설사업계획승인)",3970000,"과천시",2015,2,"집합",1,"총괄표제부",19,41290,NA,20170908,312637.0891,2771,20200331,189.36,182026.3651
